イベント名,公式ハッシュタグ,参加詳細/リクイン先,参加方法,定期開催時刻 (開始),定期開催時刻 (終了),開催日時スタート,開催日時エンド,引用元ツイート全文,tweet_id_source
不明,,hinjaku,リクイン,20:55,,2025-04-14 20:55:00,,"4/14
おはよ～
月曜日、昨夜熱が出ましたが、朝起きたら下がってました。
仕事休めずです。
さて今夜は、

20:55
神州酒場 神無月 特別イベントデー 第1部
稀人1人に神様が2柱で接客
hinjakuにリクイン",1.911593627e+18
不明,,IL/インスタンス | 抽選/予約等,Group Join・Join・抽選/予約等,21:40,,2025-04-10 21:40:00,,"おはよ～
金曜日、お仕事終わったら週末です。帰る時間は雨っぽいね。
昨日も地元は大雨で傘さしてても濡れちゃったよ〜
さて今夜は

21:40
オタクに優しいギャルBar
グループインスタンスにJoin後に抽選

21:45
メイドカフェAmulet
渋谷夕夏に",1.910462686e+18
不明,,IL/インスタンス,,20:55,,2025-04-09 20:55:00,,"おはよ～
木曜日、夕方は雨降るみたいですね。
週末まであと2日なので耐えていきましょう！
さて今夜は、

20:55
Fly me to the MOON
とっととずらか郎

20:55
Ravissa
ILに",1.910100202e+18
不明,,IL/インスタンス,リクイン,20:55,,2025-03-26 20:55:00,,"おはよ～
木曜日、気分は金曜なんですけど？
今週長いです。
電車はなぜか空いていますね。
さて今夜は、

20:55
Ravissa
ILにリクイン

21:55
ヘヴンリープリズン当日枠 第一部
「綾女 ayame」へ",1.905026975e+18
綾女 ayame,,,当日枠,21:55,,2025-03-26 21:55:00,,"おはよ～
木曜日、気分は金曜なんですけど？
今週長いです。
電車はなぜか空いていますね。
さて今夜は、

20:55
Ravissa
ILにリクイン

21:55
ヘヴンリープリズン当日枠 第一部
「綾女 ayame」へ",1.905026975e+18
不明,#EXTENSIONCLOTHING,IL/インスタンス,,21:30,,2025-03-23 21:30:00,,"おはよ～
月曜日、週の始まり！
暖かいですね、春かな？
電車の中では上着も脱いでます。
衣装は #EXTENSIONCLOTHING
 の第七特務機関ワルキューレだよ！
さて今夜は、

21:25(相席OK)/21:30(相席NG)
天使界隈喫茶ぷろとへぶん
どちらかのILに",1.903946997e+18
不明,,rumaruLunareal,,21:00,,2025-03-20 21:00:00,,"おはよ～
金曜日、週末が来ますね。
本当は有休取って4連休とりたかったのですが...
さて今夜は

20:50
アニソンHMD vol.89
Group＋

21:00
STARLIGHT
グループ+にJOIN

21:00
LUNA REAL -virtual cabaret club 1部
rumaruLunarealへ",1.902853026e+18
不明,,IL/インスタンス,リクイン,20:55,,2025-03-19 20:55:00,,"おはよ～
木曜日、祝日ですね。
いっぱいunityの予定ですが早くも眠いですね。
2度寝したほうがいいかな？
さて今夜は、

20:55
Ravissa
ILにリクイン

21:50:キャバクラ希望の方
22:00:ホスト希望の方
Charme プレオープン
おねんねますたー。｣に",1.902501928e+18
A：Ntinomy,,当日発表,リクイン,20:55,,2025-03-02 20:55:00,,"おはよ～
月曜日、久しぶりの雨ですね。
そして暖かい、電車の中で蒸し蒸ししてます。
月初はうちの仕事忙しいんですよね〜
さて今夜は、

20:55
Whisper Cabaret『A：Ntinomy』
当日発表のILのリクイン

21:30
電脳カルテ 2/12VRC不具合のリベンジ営業
グループにJoin",1.896334656e+18
不明,,IL/インスタンス | 抽選/予約等,Group Join・Join・抽選/予約等,21:40,,2025-02-27 21:40:00,,"おはよ～
金曜日、ようやく週末がきます！
夕方まで耐えましょうね！
さて今夜は

21:40
オタクに優しいギャルBar
グループインスタンスにJoin後に抽選

21:45
どりーむぷらねっと サンリオVfes コミュニティコラボ
ninontaurusuにJoin

21:45
メイドカフェAmulet
ILに",1.895244865e+18
不明,,ninontaurusu,Join,21:45,,2025-02-27 21:45:00,,"おはよ～
金曜日、ようやく週末がきます！
夕方まで耐えましょうね！
さて今夜は

21:40
オタクに優しいギャルBar
グループインスタンスにJoin後に抽選

21:45
どりーむぷらねっと サンリオVfes コミュニティコラボ
ninontaurusuにJoin

21:45
メイドカフェAmulet
ILに",1.895244865e+18
不明,,IL/インスタンス,,21:45,,2025-02-27 21:45:00,,"おはよ～
金曜日、ようやく週末がきます！
夕方まで耐えましょうね！
さて今夜は

21:40
オタクに優しいギャルBar
グループインスタンスにJoin後に抽選

21:45
どりーむぷらねっと サンリオVfes コミュニティコラボ
ninontaurusuにJoin

21:45
メイドカフェAmulet
ILに",1.895244865e+18
不明,,IL/インスタンス,リクイン,20:55,,2025-02-26 20:55:00,,"おはよ～
木曜日、まだ2日ありますね〜
早く終わって〜
さて今夜は、

20:55
Ravissa
ILにリクイン1回

20:55
森羅くんカフェ 【フルプラカフェ】1部
てんじくに",1.894885952e+18
フルプラカフェ,,,,20:55,,2025-02-26 20:55:00,,"おはよ～
木曜日、まだ2日ありますね〜
早く終わって〜
さて今夜は、

20:55
Ravissa
ILにリクイン1回

20:55
森羅くんカフェ 【フルプラカフェ】1部
てんじくに",1.894885952e+18
不明,,IL/インスタンス | arutokun | 抽選/予約等,Discord抽選+Join,21:00,,2025-02-24 21:00:00,,"おはよ～
火曜日、3連休終わりました〜
4日間耐えましょうね。
さて今夜は、

21:00
Conductor
専用Discordサーバーでの抽選+ILにJoin
第1ins：昊（そら）
第2ins：arutokun

21:00
STARLIGHT
グループ+にJOIN

21:50
ウルタール -Ulthar-
ˇさえˇに",1.894156098e+18
レヴプリ,,Aria-Muse | フレリク,フレンド申請・リクイン,21:50,,2025-02-24 21:50:00,,"おはよ～
月曜日、土日にあたらしい子作ってなかったのでUnity頑張らなきゃ！ 
さて今夜は、

21:50
Le reave de princesses
ル・レーヴ・ドゥ・プリンセスィー 【レヴプリ】
Aria-Museにリクイン1回
フレリク：21:00締切

21:50
DeepEuphoria
RIFO_ILに",1.8938269e+18
不明,,IL/インスタンス | RIFO_IL,,21:50,,2025-02-24 21:50:00,,"おはよ～
月曜日、土日にあたらしい子作ってなかったのでUnity頑張らなきゃ！ 
さて今夜は、

21:50
Le reave de princesses
ル・レーヴ・ドゥ・プリンセスィー 【レヴプリ】
Aria-Museにリクイン1回
フレリク：21:00締切

21:50
DeepEuphoria
RIFO_ILに",1.8938269e+18
不明,,IL/インスタンス,リクイン,20:55,,2025-02-05 20:55:00,,"おはよ～
木曜日、めっちゃ寒いね〜
今日は健康診断！
朝一で取らなきゃいけないもの寝ぼけて忘れちゃった！！(その後取れました)
さて今夜は、

20:55
Ravissa
ILにリクイン1回

21:00
STARLIGHT
グループ+にJOIN

21:45-50
Host&Cabaret Club月下美人 一部(ホスト)
月ノ宮みこおmikooに",1.887270715e+18
不明,,mikoo,,21:45,,2025-02-05 21:45:00,,"おはよ～
木曜日、めっちゃ寒いね〜
今日は健康診断！
朝一で取らなきゃいけないもの寝ぼけて忘れちゃった！！(その後取れました)
さて今夜は、

20:55
Ravissa
ILにリクイン1回

21:00
STARLIGHT
グループ+にJOIN

21:45-50
Host&Cabaret Club月下美人 一部(ホスト)
月ノ宮みこおmikooに",1.887270715e+18
不明,,IL/インスタンス | 抽選/予約等,Discord抽選+Join,21:00,,2025-02-03 21:00:00,,"おはよ～
火曜日、夜は予定無しなので遊びに行きたいと思います。
さて今夜は、

21:00
Conductor
専用Discordサーバーでの抽選+ ILにJoin
第1ins：杉崎リン
第2ins：昊（そら）

21:30
地雷系喫茶らんどまいん
""Chiaki7""or""らいんらんと""or""小悪魔シャロ""に",1.886554914e+18
A：Ntinomy,,当日発表,リクイン,20:55,,2025-02-03 20:55:00,,"おはよ～
月曜日、週末終わっちゃったね。
また5日間耐えましょう。
今週は健康診断があるのでわたしは4日です。
さて今夜は、

20:55
Whisper Cabaret『A：Ntinomy』
当日発表のILのリクイン",1.886221768e+18
不明,,IL/インスタンス,,20:55,,2025-02-02 20:55:00,,"おはよ～
日曜日、ゆっくり起きました。
昨日から喉ががらがらです。
さて今夜は、

15:00
バーチャル授乳CafeキタリナPC店
KTRNPC.8733グループにjoin

20:55
膝枕イベント -夢枕-
ILに",1.885875637e+18
不明,,rumaruLunareal,リクイン,21:00,,2025-01-30 21:00:00,,"おはよ～
金曜日、目が覚めませんね〜
なんと1月にフルで働いた週は今週が初めてでした！
さて今夜は

21:00
LUNA REAL -virtual cabaret club 正月Day 1部
rumaruLunarealへリクイン

21:40
オタクに優しいギャルBar
グループインスタンスにJoin後に抽選

21:45
どりーむぷらねっと
ILにJoin",1.885094921e+18
不明,,IL/インスタンス | 抽選/予約等,Group Join・Join・抽選/予約等,21:40,,2025-01-30 21:40:00,,"おはよ～
金曜日、目が覚めませんね〜
なんと1月にフルで働いた週は今週が初めてでした！
さて今夜は

21:00
LUNA REAL -virtual cabaret club 正月Day 1部
rumaruLunarealへリクイン

21:40
オタクに優しいギャルBar
グループインスタンスにJoin後に抽選

21:45
どりーむぷらねっと
ILにJoin",1.885094921e+18
不明,,IL/インスタンス,Join,21:45,,2025-01-30 21:45:00,,"おはよ～
金曜日、目が覚めませんね〜
なんと1月にフルで働いた週は今週が初めてでした！
さて今夜は

21:00
LUNA REAL -virtual cabaret club 正月Day 1部
rumaruLunarealへリクイン

21:40
オタクに優しいギャルBar
グループインスタンスにJoin後に抽選

21:45
どりーむぷらねっと
ILにJoin",1.885094921e+18
不明,,IL/インスタンス,リクイン,20:55,,2025-01-29 20:55:00,,"おはよ～
木曜日、寝坊しました！
家出る時間に起きました。
さて今夜は、

20:55
Ravissa
ILにリクイン1回

22:00
朧月夜の茶屋
きゅーはちに",1.884733901e+18
不明,,Group,Group Join・Join,21:30,,2025-01-28 21:30:00,,"おはよ～
水曜日、昨夜は遅くまでUnityしちゃって眠いです
さて今夜は

21:30
SirèneBar～Argonaute～
GroupにJoin

21:50
森羅ちゃんキャストオンリーBar Reveur
おなかぐぅにリクイン",1.884387836e+18
不明,,IL/インスタンス,,20:55,,2025-01-12 20:55:00,,"おはよ～
日曜日、なんと、明日も休みなんですね？
でもやること山積みなので、日中は一生懸命Unityします！
さて今夜は、

15:00
バーチャル授乳CafeキタリナPC店
KTRNPC.8733グループにjoin

20:55
膝枕イベント -夢枕-
ILに",1.878270072e+18
fleur printemps,,,リクイン,20:55,,2025-01-11 20:55:00,,"おはよ～
土曜日、3連休ですね！
改変いっぱいするよ～
さて今夜は

20:55
森羅くんホストクラブ 【 fleur printemps 】1部
てんじくにリクイン

21:00
喫茶もみじ プレオープン
GroupにJoin
第一インスタンス「新人メンバー」
第二インスタンス「初期メンバー」
※注意※",1.877897065e+18
新人メンバー,,Group,Group Join・Join,21:00,,2025-01-11 21:00:00,,"おはよ～
土曜日、3連休ですね！
改変いっぱいするよ～
さて今夜は

20:55
森羅くんホストクラブ 【 fleur printemps 】1部
てんじくにリクイン

21:00
喫茶もみじ プレオープン
GroupにJoin
第一インスタンス「新人メンバー」
第二インスタンス「初期メンバー」
※注意※",1.877897065e+18
不明,,IL/インスタンス | Lilyflail,リクイン,20:50,,2025-01-09 20:50:00,,"おひる〜
木曜日、体調不良で午前休しちゃいました。
さて今夜は、

20:50
StrayCat
Lilyflailにリクイン

20:55
Ravissa
ILに",1.87719856e+18
不明,,IL/インスタンス,,20:55,,2025-01-09 20:55:00,,"おひる〜
木曜日、体調不良で午前休しちゃいました。
さて今夜は、

20:50
StrayCat
Lilyflailにリクイン

20:55
Ravissa
ILに",1.87719856e+18
不明,,IL/インスタンス | safim,Join,21:00,,2025-01-06 21:00:00,,"おはよ～
火曜日、昨日は眠すぎたので早く寝ましたが回復してないですね〜
さて今夜は、

21:00
Conductor
ILにJoin
第1ins：杉崎リン
第2ins：safim -サフィム-

21:30
地雷系喫茶らんどまいん
""yagupi""または""Chiaki7""どちらかに",1.876396808e+18
不明,,IL/インスタンス,,22:50,,2025-01-05 22:50:00,,"おはよ～
月曜日、仕事始めですね。
アラームかけるの忘れてました。
1時間前くらいに目が覚めてアラームセットして2度寝しました。
うちのお仕事は月初が忙しいんですよね〜
さて今夜は、

21:50
SuccubusClinic-えすえすあーる-
SEKΑI にリクイン2回まで

22:50
みどり祭
ILに",1.876044208e+18
不明,,IL/インスタンス,リクイン,20:55,,2024-12-12 20:55:00,,"おはよ～
木曜日、今日も不調です。
体調戻したいな〜
さて今夜は、

20:55
Ravissa
ILにリクイン1回

22:00
VaRmonica 1部
ILに",1.86700121e+18
不明,,IL/インスタンス,,22:00,,2024-12-12 22:00:00,,"おはよ～
木曜日、今日も不調です。
体調戻したいな〜
さて今夜は、

20:55
Ravissa
ILにリクイン1回

22:00
VaRmonica 1部
ILに",1.86700121e+18
おんらいんっ！,,,リクイン,20:55,,2024-12-09 20:55:00,,"おはよ～
火曜日、とりあえず朝の時点でおなかは大丈夫〜
最近ずっと不調なので心配〜
夜はいんでぃけーしょんに出ております！
さて今夜は、

20:55
電脳メイドカフェ「おんらいんっ！」
電脳メイド おんらいんっ！ にリクイン

21:00
Conductor
ILにJoin
第1ins：杉崎リン
第2ins：safim -サフィム-",1.866251517e+18
不明,,IL/インスタンス | safim,Join,21:00,,2024-12-09 21:00:00,,"おはよ～
火曜日、とりあえず朝の時点でおなかは大丈夫〜
最近ずっと不調なので心配〜
夜はいんでぃけーしょんに出ております！
さて今夜は、

20:55
電脳メイドカフェ「おんらいんっ！」
電脳メイド おんらいんっ！ にリクイン

21:00
Conductor
ILにJoin
第1ins：杉崎リン
第2ins：safim -サフィム-",1.866251517e+18
A：Ntinomy,,当日発表,リクイン,20:55,,2024-12-08 20:55:00,,"おはよ～
月曜日、いつもよりさらに気温低いですね。
出かける10分前に起きました。
さて今夜は、

20:55
Whisper Cabaret『A：Ntinomy』
当日発表のILのリクイン

21:50
Le reave de princesses
ル・レーヴ・ドゥ・プリンセスィー 【レヴプリ】
Aria-Museに",1.865896086e+18
レヴプリ,,Aria-Muse,,21:50,,2024-12-08 21:50:00,,"おはよ～
月曜日、いつもよりさらに気温低いですね。
出かける10分前に起きました。
さて今夜は、

20:55
Whisper Cabaret『A：Ntinomy』
当日発表のILのリクイン

21:50
Le reave de princesses
ル・レーヴ・ドゥ・プリンセスィー 【レヴプリ】
Aria-Museに",1.865896086e+18
不明,,rumaruLunareal,リクイン,21:00,,2024-12-05 21:00:00,,"おはよ～
金曜日、眠すぎて朝起きるのが大変でした〜
夜はBUNNYSPACEに出ております。
さて今夜は

21:00
LUNA REAL -virtual cabaret club 1部
rumaruLunarealへリクイン

21:50
オタクに優しいギャルBar
yotosanに",1.86480328e+18
不明,,yotosan,,21:50,,2024-12-05 21:50:00,,"おはよ～
金曜日、眠すぎて朝起きるのが大変でした〜
夜はBUNNYSPACEに出ております。
さて今夜は

21:00
LUNA REAL -virtual cabaret club 1部
rumaruLunarealへリクイン

21:50
オタクに優しいギャルBar
yotosanに",1.86480328e+18
不明,,IL/インスタンス,リクイン,20:55,,2024-12-05 20:55:00,,"おはよ～
木曜日、調子良く無いのでゆっくり過ごします〜
夜はMISTERO AMORE ～Lato.Sole～に出ております。
さて今夜は、

20:55
Ravissa
ILにリクイン1回

21:00
STARLIGHT
グループ+にJOIN

21:55
STARDUST ナイト・イン・ヨシワラ コラボ
DIENA-でぃえなに",1.864486384e+18
不明,,IL/インスタンス,リクイン,20:55,,2024-11-13 20:55:00,,"おはよ～
木曜日、今日はちゃんと起きました。
でもまだ金曜もあるんだね。
長いね〜
さて今夜は、

20:55
Ravissa
ILにリクイン1回

21:55
ヘヴンリープリズン当日枠 第一部
「綾女 ayame」へ",1.856829549e+18
綾女 ayame,,,当日枠,21:55,,2024-11-13 21:55:00,,"おはよ～
木曜日、今日はちゃんと起きました。
でもまだ金曜もあるんだね。
長いね〜
さて今夜は、

20:55
Ravissa
ILにリクイン1回

21:55
ヘヴンリープリズン当日枠 第一部
「綾女 ayame」へ",1.856829549e+18
不明,,フレ+,フレンド申請,21:30,,2024-11-12 21:30:00,,"おはよ〜
水曜日、寝坊です。
20分遅れで家を出ました。
まぁいつもカフェに寄るので30分早く出ているんですけどね。
夜はMutadoll(和風・最終回)に出ます！
さて今夜は

21:00
STARLIGHT
グループ+にJOIN

21:30
マーメイドBar～Argonaute～
フレ+

21:55
STARDUST
DIENA-でぃえなに",1.856469578e+18
不明,,IL/インスタンス | arutokun,Join,21:00,,2024-11-11 21:00:00,,"おはよ～
火曜日、メガネ忘れて出かけちゃったよ。
寝ぼけてたかな？
よくやるので職場には予備があるけどね。
さて今夜は、

21:00
Conductor
ILにJoin
第1ins：杉崎リン
第2ins：arutokun

21:30
地雷系喫茶らんどまいん
""yagupi""または""Chiaki7""どちらかに",1.856104663e+18
A：Ntinomy,,当日発表,リクイン,20:55,,2024-11-10 20:55:00,,"おはよ～
月曜日、夜雨だったようで電車が蒸し蒸しで汗かいてます。
今週は5日間で長い〜
さて今夜は、

20:55
Whisper Cabaret『A：Ntinomy』
当日発表のILのリクイン

21:50
SuccubusClinic-えすえすあーる-
SEKΑI に",1.855742333e+18
不明,,Amenashi,リクイン,21:50,,2024-11-09 21:50:00,,"おはよ～
土曜日、寒いですね。
いつも通りUnityします。
夜は耳かき亭 癒留利(事前予約制)におります。
さて今夜は、

21:50
ふぇいとらうんじ Caress
Amenashiにリクイン

21:55
ぴんくあたまかふぇ-MeltyFroth-
Momotann彡へ",1.85505565e+18
不明,,IL/インスタンス | Yuri,リクイン,20:55,,2024-10-23 20:55:00,,"おはよ～
木曜日、なんか暑くない？
ちゃんと寒くなって〜
今夜はお客さんしてます。
さて今夜は、

20:55
Ravissa
ILにリクイン
第1インスタンス：Yuri -ゆり-
第2インスタンス：瀬戸うさぎ_ev

22:00
Casa Di Luce - Cabaret -
Saru_猿頭トリートメントに",1.849228263e+18
不明,,IL/インスタンス | riora_pon | safim,Join,21:00,,2024-10-22 21:00:00,,"おはよ〜
水曜日、昨日も早寝出来なかった〜
改変も間に合ってない。
夜はMisteroAmore -Lato․Luna- ミニイベントに出ます！
さて今夜は

21:00
Conductor
ILにJoin
第1ins：杉崎リン
第2ins：riora_pon
第3ins：safim -サフィム-

21:50
Dear Birth ハロウィンローテーション営業
ILに",1.848852404e+18
不明,,IL/インスタンス,,21:50,,2024-10-22 21:50:00,,"おはよ〜
水曜日、昨日も早寝出来なかった〜
改変も間に合ってない。
夜はMisteroAmore -Lato․Luna- ミニイベントに出ます！
さて今夜は

21:00
Conductor
ILにJoin
第1ins：杉崎リン
第2ins：riora_pon
第3ins：safim -サフィム-

21:50
Dear Birth ハロウィンローテーション営業
ILに",1.848852404e+18
不明,,IL/インスタンス,リクイン,21:55,,2024-10-18 21:55:00,,"しごおわ〜
週末の始まりだよ〜
金曜の夜はばにばにしようね〜！！
21:55リクイン開始だよ！
みんなはどっちのインスタンスに行くのかな？
21:00には待機インスタンスが開くから待ちきれない人はおいでね〜",1.847214927e+18
不明,,rumaruLunareal,リクイン,21:00,,2024-10-17 21:00:00,,"おはよ～
金曜日、朝からお腹痛かったな〜
ちょっとちこく気味、間に合うかな？
夜はBUNNYSPACEに出ております。
さて今夜は

21:00
LUNA REAL -virtual cabaret club 1部
rumaruLunarealへリクイン

21:00
STARLIGHT
グループ+にJOIN

21:45
どりーむぷらねっと
ILにJoin
第1：にのんたうるす",1.847056305e+18
不明,,IL/インスタンス,Join,21:45,,2024-10-17 21:45:00,,"おはよ～
金曜日、朝からお腹痛かったな〜
ちょっとちこく気味、間に合うかな？
夜はBUNNYSPACEに出ております。
さて今夜は

21:00
LUNA REAL -virtual cabaret club 1部
rumaruLunarealへリクイン

21:00
STARLIGHT
グループ+にJOIN

21:45
どりーむぷらねっと
ILにJoin
第1：にのんたうるす",1.847056305e+18
不明,,IL/インスタンス | Yuri,リクイン,20:55,,2024-10-16 20:55:00,,"おはよ～
木曜日、休みまであと2日、耐えていきましょう！
夜は萌ちゃん喫茶〜いんでぃけ〜しょん〜とMISTERO AMORE ～Lato.Sole～に出ます！
さて今夜は、

20:55
Ravissa
ILにリクイン
第1インスタンス：Yuri -ゆり-
第2インスタンス：まむる｜mamuru

21:55
ヘヴンリープリズン当日枠 第一部
「綾女",1.846684909e+18
不明,,IL/インスタンス | Yuri,リクイン,20:55,,2024-10-03 20:55:00,,"おはよ～
木曜日、体調良くならないですね〜
今週のキャストは全てお休みすることにしました。
さて今夜は、

20:55
Ravissa
ILにリクイン
第1インスタンス：Yuri -ゆり-
第2インスタンス：まむる｜mamuru

21:55
ヘヴンリープリズン当日枠 第一部
「綾女 ayame」へ",1.841636612e+18
綾女 ayame,,,当日枠,21:55,,2024-10-03 21:55:00,,"おはよ～
木曜日、体調良くならないですね〜
今週のキャストは全てお休みすることにしました。
さて今夜は、

20:55
Ravissa
ILにリクイン
第1インスタンス：Yuri -ゆり-
第2インスタンス：まむる｜mamuru

21:55
ヘヴンリープリズン当日枠 第一部
「綾女 ayame」へ",1.841636612e+18
不明,,IL/インスタンス | arutokun,Join,21:00,,2024-10-02 21:00:00,,"おはよ〜
水曜日、熱が平熱だったり微熱の繰り返しです。
咳がやばいですね。
夜はNornheimr(ノルンヘイム)におります？
さて今夜は

21:00
Conductor
ILにJoin
第１ins：杉崎リン
第２ins：arutokun

21:50
Dear Birth
ILに",1.841267543e+18
不明,,IL/インスタンス,,21:50,,2024-10-02 21:50:00,,"おはよ〜
水曜日、熱が平熱だったり微熱の繰り返しです。
咳がやばいですね。
夜はNornheimr(ノルンヘイム)におります？
さて今夜は

21:00
Conductor
ILにJoin
第１ins：杉崎リン
第２ins：arutokun

21:50
Dear Birth
ILに",1.841267543e+18
Café Lattex,,IL/インスタンス,Join,22:00,,2024-09-30 22:00:00,,"おはよ～
月曜日、熱が出たのでお仕事休みます。
さて今夜は、

20:50
Ranaqula
Yuri -ゆり-にリクイン

21:00
Phantom Terrace 〜ファントムテラス〜
きな｢こも｣ち にjoin

22:00
ラバーカフェ【Café Lattex】
発表のILにJoin

22:00
Velvet_Mirage Night in Empireデー
ゆーひなに",1.840542081e+18
不明,,IL/インスタンス,,20:55,,2024-09-29 20:55:00,,"おはよ～
日曜日、起きたら頭痛、鼻、喉痛、風邪かな？
夜はCafé & Bar FOR LIGHTに出ます。
さて今夜は、

15:00
バーチャル授乳CafeキタリナPC店
KTRNPC.8733グループにjoin

20:55
膝枕イベント -夢枕-
ILに",1.84021068e+18
#Chained_Angel,#Chained_Angel #わこーのあとりえ,rumaruLunareal,リクイン,21:00,,2024-09-26 21:00:00,,"おはよ～
金曜日、涼しいけど大雨の予報。
電車の中は蒸し蒸しです。
写真はテスターさせていただいている #わこーのあとりえ さんの
 #Chained_Angel  だよ！
夜はBUNNYSPACEに出ています。
さて今夜は

21:00
LUNA REAL -virtual cabaret club ご新規Day 1部
rumaruLunarealへリクイン",1.839438217e+18
不明,,Mazzn1987,Join,20:45,,2024-09-25 20:45:00,,"おはよ～
木曜日、
さて今夜は、

20:45
RandBunny_JPN
Mazzn1987にJoin

21:55
Ravissa
ILにリクイン",1.839057486e+18
不明,,IL/インスタンス,リクイン,21:55,,2024-09-25 21:55:00,,"おはよ～
木曜日、
さて今夜は、

20:45
RandBunny_JPN
Mazzn1987にJoin

21:55
Ravissa
ILにリクイン",1.839057486e+18
湯遊み処ラ・ファミリア,,,Group Join・Join,10:00,,2024-09-08 10:00:00,,"おはよ～
日曜日、日中はUnityの日だね。
さて今夜は、

10:00
混浴温泉Barイベント「湯遊み処ラ・ファミリア」
グループにJoin

15:00
バーチャル授乳CafeキタリナPC店
KTRNPC.8733グループにjoin

20:55
膝枕イベント -夢枕-
ILに",1.832581809e+18
不明,,IL/インスタンス,,20:55,,2024-09-08 20:55:00,,"おはよ～
日曜日、日中はUnityの日だね。
さて今夜は、

10:00
混浴温泉Barイベント「湯遊み処ラ・ファミリア」
グループにJoin

15:00
バーチャル授乳CafeキタリナPC店
KTRNPC.8733グループにjoin

20:55
膝枕イベント -夢枕-
ILに",1.832581809e+18
不明,,Medolize,,22:00,,2024-09-07 22:00:00,,"おはよ～
土曜日、病院とUnityの日。
改変の納期が迫って焦る〜
夜はランタンナイトに出ております。
さて今夜は、

21:00
beroberoBAR
GROUPインスタンス

22:00
撫でられたい人いらっしゃい
Medolizeに",1.832220165e+18
不明,,rumaruLunareal,,21:00,,2024-09-05 21:00:00,,"おはよ～
金曜日、最近暑さが1段階おさまってる感じですね。
今日働けば週末です、がんばらず1日耐えます。
夜はBUNNYSPACEに出ています。
さて今夜は

21:00
VRC足蹴屋本舗
グループにjOIN

21:00
LUNA REAL -virtual cabaret club -1部
rumaruLunarealへ",1.83180892e+18
不明,,kiyoka,リクイン,21:50,,2024-09-05 21:50:00,,"訂正と更新です。

訂正:
誤:
21:50
Dear Birth
きよかkiyokaにリクイン

正:
21:50
Dear Birth
予約者のみ。",1.831629101e+18
不明,,抽選/予約等,抽選/予約等,21:50,,2024-09-05 21:50:00,,"訂正と更新です。

訂正:
誤:
21:50
Dear Birth
きよかkiyokaにリクイン

正:
21:50
Dear Birth
予約者のみ。",1.831629101e+18
不明,,IL/インスタンス,リクイン,21:55,,2024-09-04 21:55:00,,"おはよ～
木曜日、あと2日でお休みだね〜
夜はいんでぃけ～しょん、MISTERO AMORE ～Lato.Sole～に出ています。
さて今夜は、

21:55
Ravissa
ILにリクイン

21:50
Dear Birth
きよかkiyokaに",1.831459301e+18
不明,,kiyoka,,21:50,,2024-09-04 21:50:00,,"おはよ～
木曜日、あと2日でお休みだね〜
夜はいんでぃけ～しょん、MISTERO AMORE ～Lato.Sole～に出ています。
さて今夜は、

21:55
Ravissa
ILにリクイン

21:50
Dear Birth
きよかkiyokaに",1.831459301e+18
不明,,rumaruLunareal,リクイン,21:00,,2024-08-15 21:00:00,,"おはよ～
金曜日、台風でおしごとお休みになりました！
夜はBUNNYSPACE、ランタンナイトに出ております！
さて今夜は

21:00
LUNA REAL -virtual cabaret club  -1部 浴衣Day
rumaruLunarealへリクイン

21:45
どりーむぷらねっと
ILにJoin
第1：mimi
第2：慕狼ニーア

21:55
BUNNYSPACE",1.82422728e+18
不明,,IL/インスタンス,Join,21:45,,2024-08-15 21:45:00,,"おはよ～
金曜日、台風でおしごとお休みになりました！
夜はBUNNYSPACE、ランタンナイトに出ております！
さて今夜は

21:00
LUNA REAL -virtual cabaret club  -1部 浴衣Day
rumaruLunarealへリクイン

21:45
どりーむぷらねっと
ILにJoin
第1：mimi
第2：慕狼ニーア

21:55
BUNNYSPACE",1.82422728e+18
不明,,IL/インスタンス,リクイン,20:55,,2024-08-14 20:55:00,,"おはよ～
木曜日、朝から暑いですね。
帰りが遅い人は雨もあるので注意ですよ。
今夜はフリーなので色々狙いたい。
さて今夜は、

20:55
Ravissa
ILにリクイン

21:00
Conductor
ILにJoin
第１ins：杉崎リン
第２ins：arutokun

21:55
ヘヴンリープリズン当日枠 第一部",1.823836278e+18
不明,,IL/インスタンス | arutokun,Join,21:00,,2024-08-14 21:00:00,,"おはよ～
木曜日、朝から暑いですね。
帰りが遅い人は雨もあるので注意ですよ。
今夜はフリーなので色々狙いたい。
さて今夜は、

20:55
Ravissa
ILにリクイン

21:00
Conductor
ILにJoin
第１ins：杉崎リン
第２ins：arutokun

21:55
ヘヴンリープリズン当日枠 第一部",1.823836278e+18
不明,,IL/インスタンス,Join,22:00,,2024-08-13 22:00:00,,"おはよ〜
水曜日、6時起き生活に戻ってやはり起きるの辛くなってきましたね。
夜はMUTADOLLでメイドさんします！
さて今夜は

21:55
STARDUST 初回限定回
DIENA-でぃえなにリクイン1回

22:00
着せ替えコンセプトカフェ【MUTADOLL】
今回はメイド！！
ILにJoin

22:00
めすがきっさロぅリぃ
ILにJoin",1.823476583e+18
不明,,IL/インスタンス,Join,22:00,,2024-08-13 22:00:00,,"おはよ〜
水曜日、6時起き生活に戻ってやはり起きるの辛くなってきましたね。
夜はMUTADOLLでメイドさんします！
さて今夜は

21:55
STARDUST 初回限定回
DIENA-でぃえなにリクイン1回

22:00
着せ替えコンセプトカフェ【MUTADOLL】
今回はメイド！！
ILにJoin

22:00
めすがきっさロぅリぃ
ILにJoin",1.823476583e+18
不明,,IL/インスタンス,,20:55,,2024-08-11 20:55:00,,"おはよ〜
日曜日、夏休みもあと2日！
日中はUnityの日だね。
さて今夜は、

15:00
バーチャル授乳CafeキタリナPC店
KTRNPC.8733グループにjoin

20:55
膝枕イベント -夢枕-
ILに",1.822451222e+18
fleur printemps,,,リクイン,20:55,,2024-08-10 20:55:00,,"おはよ～土曜日！
週末です、わたしの10連休夏休みはあと3日で終わってしまう。
午前中は病院、午後はUnityです！
夜はみすらぶグループ盆踊りに出ております。
さて今夜は、

20:55
森羅くんホストクラブ 【 fleur printemps 】1部
てんじくにリクイン

21:00
SilentClub

21:00",1.822075872e+18
不明,,IL/インスタンス | フレンド申請,フレンド申請・リクイン,21:55,,2024-08-09 21:55:00,,"おはよ～
金曜日、昨日は部屋の片付けが終わりませんでした。
そうだよね、普段帰って、お風呂、ごはんでVRCしてるから掃除してないもんね。
今日もちょっとやる。
夜はBUNNYSPACE、なでトークに出ております！
さて今夜は

21:55
BUNNYSPACE 
ILにリクインは2回まで！
ILへのフレンド申請締切:21:45",1.821719404e+18
不明,,IL/インスタンス,リクイン,20:55,,2024-08-08 20:55:00,,"おはよ～
木曜日、夏休みも後半です。
部屋を片付けます。
さて今夜は、

20:55
Ravissa
ILにリクイン

21:55
STARDUST
DIENA-でぃえなに",1.821337942e+18
不明,,IL/インスタンス,,20:55,,2024-07-28 20:55:00,,"おはよ～
日曜日、日中はUnityの日だね。
夜はCafé & Bar FOR LIGHTに出ております！
さて今夜は、

15:00
バーチャル授乳CafeキタリナPC店
KTRNPC.8733グループにjoin

20:55
膝枕イベント -夢枕-
ILに",1.817372774e+18
fleur printemps,,,リクイン,20:55,,2024-07-25 20:55:00,,"おはよ～
金曜日、働いたらお休みが始まるね！
午後は雨みたい、帰る頃にやむといいなぁ
夜はBUNNYSPACEに出ております！
さて今夜は

20:55
森羅くんホストクラブ 【 fleur printemps 】1部
てんじくにリクイン",1.816589694e+18
不明,,-sae0214 | IL/インスタンス,Group Join・リクイン,21:30,,2024-07-24 21:30:00,,"おはよ～
木曜日、あと2日、長いですね〜
夜はメイド喫茶〜いんでぃけ〜しょん〜に出ております！
さて今夜は、

21:30
ノスタルジックナイトプール x おうまがときコラボ
第1インスタンス(ライブ会場)：紗英-sae0214にリクイン
第2，3インスタンス(CSBグループによる水着営業)：発表のILにリクイン",1.816242969e+18
不明,,AAA159,リクイン,22:00,,2024-07-24 22:00:00,,"訂正です！
リクイン先に誤りがありました。
22:00
既婚人妻男性BAR AAA（エースリー）ミニイベント
AAA159にリクイン",1.815958119e+18
不明,,IL/インスタンス,Join,21:00,,2024-07-23 21:00:00,,"おはよ〜
水曜日、来週まで毎日キャストがある日が始まるよ。
夜はMISTERO AMORE -Late.Luna-ミニに出ます！
さて今夜は

21:00
Conductor
ILにJoin

21:55
STARDUST
DIENA-でぃえなに",1.815861313e+18
不明,,IL/インスタンス,Join,21:00,,2024-07-22 21:00:00,,"おはよ～
火曜日、昨日は23時に暇だから寝るか〜って思ってたら2時になっていました。
さて今夜は

21:00
Conductor
ILにJoin

21:30
地雷系喫茶らんどまいん
yagupiに",1.81550239e+18
不明,,yagupi,,21:30,,2024-07-22 21:30:00,,"おはよ～
火曜日、昨日は23時に暇だから寝るか〜って思ってたら2時になっていました。
さて今夜は

21:00
Conductor
ILにJoin

21:30
地雷系喫茶らんどまいん
yagupiに",1.81550239e+18
fleur printemps,,,リクイン,20:55,,2024-07-11 20:55:00,,"おはよ～
金曜日、
さて今夜は

20:55
森羅くんホストクラブ 【 fleur printemps 】第1部
てんじくにリクイン

21:45
どりーむぷらねっと
ILにJoin
第1：ninontaurusu
第2：Mimi

21:50
Dear Birth【",1.811514771e+18
不明,,IL/インスタンス,Join,21:45,,2024-07-11 21:45:00,,"おはよ～
金曜日、
さて今夜は

20:55
森羅くんホストクラブ 【 fleur printemps 】第1部
てんじくにリクイン

21:45
どりーむぷらねっと
ILにJoin
第1：ninontaurusu
第2：Mimi

21:50
Dear Birth【",1.811514771e+18
不明,,IL/インスタンス,,20:55,,2024-07-10 20:55:00,,"おはよ～
木曜日、やってしまいました！
3時間しか寝てません。
眠すぎです。
しかも雨だし。
仕事サボりたいです。
さて今夜は、

20:55
Ravissa
ILに",1.811153419e+18
不明,,IL/インスタンス,Join,21:00,,2024-07-09 21:00:00,,"おはよ〜
水曜日、寝るの遅かったです。
ねむいよ〜
夜はMUTADOLLに出ております！
さて今夜は

21:00
Conductor
ILにJoin

22:00
mistress bar トワイライト
綾女 ayameにJoin

22:00
既婚人妻男性BAR AAA（エースリー）ミニイベント
nagisa_",1.810790555e+18
不明,,ayame,Join,22:00,,2024-07-09 22:00:00,,"おはよ〜
水曜日、寝るの遅かったです。
ねむいよ〜
夜はMUTADOLLに出ております！
さて今夜は

21:00
Conductor
ILにJoin

22:00
mistress bar トワイライト
綾女 ayameにJoin

22:00
既婚人妻男性BAR AAA（エースリー）ミニイベント
nagisa_",1.810790555e+18
不明,,arutokun,,21:00,,2024-07-08 21:00:00,,"おはよ～
火曜日、
今夜は

21:00
Conductor
第1インスタンス:杉崎リン
第2インスタンス:arutokun

21:30
地雷系喫茶らんどまいん
Chiaki7に",1.81042863e+18
不明,,Chiaki7,,21:30,,2024-07-08 21:30:00,,"おはよ～
火曜日、
今夜は

21:00
Conductor
第1インスタンス:杉崎リン
第2インスタンス:arutokun

21:30
地雷系喫茶らんどまいん
Chiaki7に",1.81042863e+18
湯遊み処ラ・ファミリア,,,Group Join・Join,10:00,,2024-07-07 10:00:00,,"おはよ～
日曜日、眠いけど寝ていると休みの時間が少なくなってしまうので起きます。
さて今夜は、

10:00
混浴温泉Barイベント「湯遊み処ラ・ファミリア」
グループにJoin

15:00
バーチャル授乳CafeキタリナPC店
KTRNPC.8733グループにjoin

20:55
膝枕イベント -夢枕-
ILに",1.80974521e+18
不明,,IL/インスタンス,,20:55,,2024-07-07 20:55:00,,"おはよ～
日曜日、眠いけど寝ていると休みの時間が少なくなってしまうので起きます。
さて今夜は、

10:00
混浴温泉Barイベント「湯遊み処ラ・ファミリア」
グループにJoin

15:00
バーチャル授乳CafeキタリナPC店
KTRNPC.8733グループにjoin

20:55
膝枕イベント -夢枕-
ILに",1.80974521e+18
湯遊み処ラ・ファミリア,,,Group Join・Join,10:00,,2024-06-23 10:00:00,,"おはよ～
日曜日、今日もUnity、いろいろ締め切りが多い！
今夜は、

10:00
混浴温泉Barイベント「湯遊み処ラ・ファミリア」
グループにJoin

15:00
バーチャル授乳CafeキタリナPC店
KTRNPC.8733グループにjoin

21:55
STARDUST(VSスタダ 6/23-6/30の間毎日開催",1.804674659e+18
不明,,Medolize,,22:00,,2024-06-22 22:00:00,,"おはよ～
土曜日、午前中は病院。
午後はUnityです！
夜はランタンナイトにおります！
遊びに来てくださいね？
さて今夜は、

21:00
SilentClub

22:00
撫でられたい人いらっしゃい
Medolizeに",1.804314043e+18
不明,,rumaruLunareal,リクイン,21:00,,2024-06-21 21:00:00,,"おはよ～
金曜日、雨ですね～、いやですね～
でも今日働いたらお休みだよ！
さて今夜は

21:00
LUNA REAL -virtual cabaret club  -1部  メイド&バニーDay
rumaruLunarealへリクイン

21:55
BUNNYSPACE 
水野アオトに",1.803950658e+18
不明,,IL/インスタンス | Yuri,リクイン,20:55,,2024-06-20 20:55:00,,"おはよ～
木曜日、過ごしやすそうな天気！
でもねむねむ〜
さて今夜は、

20:55
Ravissa
ILにリクイン
第1インスタンス：Yuri -ゆり-
第2インスタンス：まりまり

22:00
フレンチメイドカフェ ふる〜る
ILにJoin

23:00
Little Holic
Lien-リアン-に",1.803579054e+18
不明,,IL/インスタンス,Join,22:00,,2024-06-20 22:00:00,,"おはよ～
木曜日、過ごしやすそうな天気！
でもねむねむ〜
さて今夜は、

20:55
Ravissa
ILにリクイン
第1インスタンス：Yuri -ゆり-
第2インスタンス：まりまり

22:00
フレンチメイドカフェ ふる〜る
ILにJoin

23:00
Little Holic
Lien-リアン-に",1.803579054e+18
不明,,Group,Group Join・Join,20:45,,2024-06-17 20:45:00,,"おはよ～
火曜日、今日は一日雨ですね。
濡れたくないな〜
そして電車の中ジメジメなんですよね。
さて今夜は

21:00(OPEN 20:45)
HEARTSOME vol5
GroupにJoin

21:50
ODEO オス声のデカくてエロい女の店
pahubou（ぱふぼう）",1.802818321e+18
不明,,IL/インスタンス,,22:00,,2024-06-16 22:00:00,,"おはよ～
月曜日、はじまっちゃったね。
朝から暑い、日中は大変そう。
お外でお仕事する人気をつけてね。
さて今夜は、

21:00
Phantom Terrace 〜ファントムテラス〜
きな｢こも｣ち にjoin

22:00
LapDance CLUB -Spirit Motion-1部
発表のILに",1.802456541e+18
不明,,rumaruLunareal,リクイン,21:00,,2024-05-30 21:00:00,,"おはよ～
金曜日、雨ですね
帰る頃にはやんでるらしいよ。
そして今日働いたら週末です。
楽しみましょうね♪
夜はなでトークにいますよ。
さて今夜は

21:00
LUNA REAL -virtual cabaret club  -1部 逆指名DAY
rumaruLunarealへリクイン",1.79630806e+18
不明,,IL/インスタンス | Yuri,リクイン,21:55,,2024-05-29 21:55:00,,"おはよ～
木曜日、電車がいつもより混んでるね。
何かあるのかな？
昨夜はMUTADOLL来店ありがとう！
さて今夜は、

21:55
Ravissa 特別営業日
ILにリクイン
第1インスタンス：Yuri -ゆり-
第2インスタンス：まりまり

21:55
ヘヴンリープリズン当日枠 第一部
「綾女 ayame」へ",1.795946592e+18
綾女 ayame,,,当日枠,21:55,,2024-05-29 21:55:00,,"おはよ～
木曜日、電車がいつもより混んでるね。
何かあるのかな？
昨夜はMUTADOLL来店ありがとう！
さて今夜は、

21:55
Ravissa 特別営業日
ILにリクイン
第1インスタンス：Yuri -ゆり-
第2インスタンス：まりまり

21:55
ヘヴンリープリズン当日枠 第一部
「綾女 ayame」へ",1.795946592e+18
パブロフ,,,,21:50,,2024-05-28 21:50:00,,"おはよ～
水曜日、天気良さそう！
っていうか暑いんじゃない？
夜はMUTADOLLでメイドさんしてるよ！
さて今夜は

21:50
飼主＆ペット集会 ペットオーナーズクラブ「パブロフ」
参加は21:50にReqIn
見学希望は22:00Join

21:55
CLUB RGLAY
pepsin9に",1.795569649e+18
不明,,pepsin9,,21:55,,2024-05-28 21:55:00,,"おはよ～
水曜日、天気良さそう！
っていうか暑いんじゃない？
夜はMUTADOLLでメイドさんしてるよ！
さて今夜は

21:50
飼主＆ペット集会 ペットオーナーズクラブ「パブロフ」
参加は21:50にReqIn
見学希望は22:00Join

21:55
CLUB RGLAY
pepsin9に",1.795569649e+18
不明,,yagupi,リクイン,21:30,,2024-05-27 21:30:00,,"おはよ～
火曜日、一日雨、嫌ですね〜
お外でお仕事の方大変だ〜
さて今夜は

21:30
地雷系喫茶らんどまいん
yagupiにリクイン

22:00
Casa Di Luce - Cabaret -
sarutoriに",1.79523819e+18
不明,,sarutori,,22:00,,2024-05-27 22:00:00,,"おはよ～
火曜日、一日雨、嫌ですね〜
お外でお仕事の方大変だ〜
さて今夜は

21:30
地雷系喫茶らんどまいん
yagupiにリクイン

22:00
Casa Di Luce - Cabaret -
sarutoriに",1.79523819e+18
不明,,Medolize,,22:00,,2024-05-24 22:00:00,,"おはよ～
土曜日、午前中は病院。
午後はUnityです！
夜はランタンナイトに出ます！
暖かくなったので衣装変えるかなぁ
今夜は、

21:00
SilentClub

22:00
撫でられたい人いらっしゃい
Medolizeに",1.79414882e+18
逢曲時,,IL/インスタンス,リクイン,23:00,,2024-05-23 23:00:00,,"おはよ～
金曜日、早く夜にならないかな〜
さて今夜は

22:00
BUNNYSPACE 
水野アオトにリクイン

23:00
彼岸旅館「逢曲時」おうまがとき
ILへリクイン2回

23:00
電脳の湯
Join先は当日発表

どれに行く？
※行きたいと思ったら事前に必ず運営のX ポストを確認するんだよ！",1.79375765e+18
不明,,当日発表,Join・抽選/予約等,23:00,,2024-05-23 23:00:00,,"おはよ～
金曜日、早く夜にならないかな〜
さて今夜は

22:00
BUNNYSPACE 
水野アオトにリクイン

23:00
彼岸旅館「逢曲時」おうまがとき
ILへリクイン2回

23:00
電脳の湯
Join先は当日発表

どれに行く？
※行きたいと思ったら事前に必ず運営のX ポストを確認するんだよ！",1.79375765e+18
不明,,IL/インスタンス,,22:30,,2024-05-06 22:30:00,,"おはよ～
月曜日、今日でGW終わりだね。
今日は夜更かしできないね〜
さて今夜は、

21:00
Phantom Terrace 〜ファントムテラス〜
きな｢こも｣ち にjoin

22:30
DoNow
ILに",1.787306281e+18
不明,,IL/インスタンス | 当日発表,Join,21:00,,2024-05-05 21:00:00,,"おはよ～
日曜日、あぁGWはあと2日！
夜更かしできるのは今日まで！！
さて今夜は、

15:00
バーチャル授乳CafeキタリナPC店
KTRNPC.8733グループにjoin

21:00
萌え声めいどかふぇ えくちゅーれ
当日発表のILにJoin

22:00
Nice Butt Bunnys
Don(蛙問屋)へ",1.786926526e+18
不明,,rumaruLunareal,リクイン,21:00,,2024-05-03 21:00:00,,"おはよ～
金曜日、GWだよ！
でもやることがいっぱいなんだよね。
今日は

21:00
LUNA REAL -virtual cabaret club  -1部
rumaruLunarealへリクイン

21:00
甘やかしカフェ『CARESST（カレスト）』
nemuco01に",1.786186414e+18
CARESST（カレスト）,,nemuco01,,21:00,,2024-05-03 21:00:00,,"おはよ～
金曜日、GWだよ！
でもやることがいっぱいなんだよね。
今日は

21:00
LUNA REAL -virtual cabaret club  -1部
rumaruLunarealへリクイン

21:00
甘やかしカフェ『CARESST（カレスト）』
nemuco01に",1.786186414e+18
不明,,IL/インスタンス | Yuri,リクイン,20:55,,2024-05-01 20:55:00,,"おはよ～
木曜日、今日働いたらお休みだ！！
夜はMisteroAmore -Lato․Sole-にいるよ！
みんな遊びにきてね！
さて今夜は、

20:55
Ravissa
ILにリクイン
第1インスタンス：Yuri -ゆり-
第2インスタンス：まりまり

22:00
フレンチメイドカフェ ふる〜る
ILにJoin

23:00
MisteroAmore -Lato․Sole-",1.785800314e+18
不明,,IL/インスタンス,Join,22:00,,2024-05-01 22:00:00,,"おはよ～
木曜日、今日働いたらお休みだ！！
夜はMisteroAmore -Lato․Sole-にいるよ！
みんな遊びにきてね！
さて今夜は、

20:55
Ravissa
ILにリクイン
第1インスタンス：Yuri -ゆり-
第2インスタンス：まりまり

22:00
フレンチメイドカフェ ふる〜る
ILにJoin

23:00
MisteroAmore -Lato․Sole-",1.785800314e+18
不明,,IL/インスタンス,Join,22:00,,2024-04-30 22:00:00,,"おはよ～
水曜日、あと2日で休みだね〜
今夜は

22:00
めすがきっさロぅリぃ メスガキガチャ営業
ILにJoin
・第1インスタンス
★むぅ
・第2インスタンス
★shiduku_しづく

23:00
Club Sara'sBuddy
sara azuraに",1.78544898e+18
不明,,azura,,23:00,,2024-04-30 23:00:00,,"おはよ～
水曜日、あと2日で休みだね〜
今夜は

22:00
めすがきっさロぅリぃ メスガキガチャ営業
ILにJoin
・第1インスタンス
★むぅ
・第2インスタンス
★shiduku_しづく

23:00
Club Sara'sBuddy
sara azuraに",1.78544898e+18
不明,,yagupi,リクイン,21:30,,2024-04-29 21:30:00,,"おはよ～
火曜日、休んでいたい。
3日だけ働いてくる。
今夜は

21:30
地雷系喫茶らんどまいん
yagupiにリクイン

22:00
Cagari'sCruiseLine
灯火カガリにJoin

22:30
DoNow
ILに",1.78506053e+18
不明,,IL/インスタンス,,22:30,,2024-04-29 22:30:00,,"おはよ～
火曜日、休んでいたい。
3日だけ働いてくる。
今夜は

21:30
地雷系喫茶らんどまいん
yagupiにリクイン

22:00
Cagari'sCruiseLine
灯火カガリにJoin

22:30
DoNow
ILに",1.78506053e+18
おんらいんっ！,,,リクイン,20:55,,2024-04-17 20:55:00,,"おはよ～
木曜日、昨日も早く寝ましたよ〜
最近お仕事忙しい！
今日は

20:55
電脳メイドカフェ「おんらいんっ！」
電脳メイド おんらいんっ！ にリクイン

20:55
Ravissa
ILに",1.78071331e+18
不明,,IL/インスタンス,,20:55,,2024-04-17 20:55:00,,"おはよ～
木曜日、昨日も早く寝ましたよ〜
最近お仕事忙しい！
今日は

20:55
電脳メイドカフェ「おんらいんっ！」
電脳メイド おんらいんっ！ にリクイン

20:55
Ravissa
ILに",1.78071331e+18
不明,,kiyoka,リクイン,21:50,,2024-04-16 21:50:00,,"おはよ～
水曜日、4時間は寝れたかな。
あと3日働きましょう。
今夜は

21:50
Dear Birth 第一部
きよかkiyokaにリクイン2回

22:00
めすがきっさロぅリぃ
ILにJoin

22:00
mistress bar トワイライト
綾女 ayameにJoin

22:50
Dear Birth 第二部
きよかkiyokaに",1.78035027e+18
不明,,IL/インスタンス,Join,22:00,,2024-04-16 22:00:00,,"おはよ～
水曜日、4時間は寝れたかな。
あと3日働きましょう。
今夜は

21:50
Dear Birth 第一部
きよかkiyokaにリクイン2回

22:00
めすがきっさロぅリぃ
ILにJoin

22:00
mistress bar トワイライト
綾女 ayameにJoin

22:50
Dear Birth 第二部
きよかkiyokaに",1.78035027e+18
不明,,ayame,Join,22:00,,2024-04-16 22:00:00,,"おはよ～
水曜日、4時間は寝れたかな。
あと3日働きましょう。
今夜は

21:50
Dear Birth 第一部
きよかkiyokaにリクイン2回

22:00
めすがきっさロぅリぃ
ILにJoin

22:00
mistress bar トワイライト
綾女 ayameにJoin

22:50
Dear Birth 第二部
きよかkiyokaに",1.78035027e+18
不明,,kiyoka,,22:50,,2024-04-16 22:50:00,,"おはよ～
水曜日、4時間は寝れたかな。
あと3日働きましょう。
今夜は

21:50
Dear Birth 第一部
きよかkiyokaにリクイン2回

22:00
めすがきっさロぅリぃ
ILにJoin

22:00
mistress bar トワイライト
綾女 ayameにJoin

22:50
Dear Birth 第二部
きよかkiyokaに",1.78035027e+18
不明,,yagupi,リクイン,21:30,,2024-04-15 21:30:00,,"おはよ～
火曜日、う〜ん、2時間睡眠はきつい。
目が開きません。
今夜は

21:30
地雷系喫茶らんどまいん
yagupiにリクイン

22:30
DoNow
ILに",1.779990543e+18
不明,,IL/インスタンス,,22:30,,2024-04-15 22:30:00,,"おはよ～
火曜日、う〜ん、2時間睡眠はきつい。
目が開きません。
今夜は

21:30
地雷系喫茶らんどまいん
yagupiにリクイン

22:30
DoNow
ILに",1.779990543e+18
不明,,IL/インスタンス,,22:00,,2024-04-14 22:00:00,,"おはよ～
月曜日、休みが終わっちゃったね〜
また5日働かないといけない。
今夜は、

21:00
Wonder Teaparty
グループにJoin

22:00
LapDance CLUB -Spirit Motion-1部
ILに",1.779625714e+18
不明,,kiyoka,リクイン,21:50,,2024-04-02 21:50:00,,"おはよ～
水曜日、あ〜休みたいよ〜
寝てたいです！
誰か許可して〜
今夜は

21:50
Dear Birth
きよかkiyokaにリクイン2回

22:00
めすがきっさロぅリぃ
メスガキガチャ営業
ILにJoin

22:00
mistress bar トワイライト
綾女 ayameにJoin

22:00
VRバニーのお店“月兎”第1部
当日発表の店員にJoin",1.775277834e+18
不明,,IL/インスタンス,Join,22:00,,2024-04-02 22:00:00,,"おはよ～
水曜日、あ〜休みたいよ〜
寝てたいです！
誰か許可して〜
今夜は

21:50
Dear Birth
きよかkiyokaにリクイン2回

22:00
めすがきっさロぅリぃ
メスガキガチャ営業
ILにJoin

22:00
mistress bar トワイライト
綾女 ayameにJoin

22:00
VRバニーのお店“月兎”第1部
当日発表の店員にJoin",1.775277834e+18
不明,,ayame,Join,22:00,,2024-04-02 22:00:00,,"おはよ～
水曜日、あ〜休みたいよ〜
寝てたいです！
誰か許可して〜
今夜は

21:50
Dear Birth
きよかkiyokaにリクイン2回

22:00
めすがきっさロぅリぃ
メスガキガチャ営業
ILにJoin

22:00
mistress bar トワイライト
綾女 ayameにJoin

22:00
VRバニーのお店“月兎”第1部
当日発表の店員にJoin",1.775277834e+18
不明,,当日発表,Join,22:00,,2024-04-02 22:00:00,,"おはよ～
水曜日、あ〜休みたいよ〜
寝てたいです！
誰か許可して〜
今夜は

21:50
Dear Birth
きよかkiyokaにリクイン2回

22:00
めすがきっさロぅリぃ
メスガキガチャ営業
ILにJoin

22:00
mistress bar トワイライト
綾女 ayameにJoin

22:00
VRバニーのお店“月兎”第1部
当日発表の店員にJoin",1.775277834e+18
不明,,Chiaki7,リクイン,21:30,,2024-04-01 21:30:00,,"おはよ～
火曜日、天気良いけど目が開かない。
寝てたい〜
今夜は

21:30
地雷系喫茶らんどまいん
Chiaki7にリクイン

22:00
open mic lounge -utakata- ABYSSAL GOAT
綾女 ayameにJoin

22:30
DoNow
ILに",1.774912791e+18
不明,,ayame,Join,22:00,,2024-04-01 22:00:00,,"おはよ～
火曜日、天気良いけど目が開かない。
寝てたい〜
今夜は

21:30
地雷系喫茶らんどまいん
Chiaki7にリクイン

22:00
open mic lounge -utakata- ABYSSAL GOAT
綾女 ayameにJoin

22:30
DoNow
ILに",1.774912791e+18
不明,,IL/インスタンス,,22:30,,2024-04-01 22:30:00,,"おはよ～
火曜日、天気良いけど目が開かない。
寝てたい〜
今夜は

21:30
地雷系喫茶らんどまいん
Chiaki7にリクイン

22:00
open mic lounge -utakata- ABYSSAL GOAT
綾女 ayameにJoin

22:30
DoNow
ILに",1.774912791e+18
不明,,Group,Group Join・Join,21:30,,2024-03-31 21:30:00,,"おはよ～
月曜日、雨が結構降ってますね。
予報じゃ出かける時間にやむと書いてありますが間に合わないだろうな〜
さて今夜は、

21:00
Wonder Teaparty
グループにJoin

21:30
電脳カルテ
GroupにJoin

21:30
どりーむぷらねっと
ninontaurusuに",1.774550269e+18
不明,,ninontaurusu,,21:30,,2024-03-31 21:30:00,,"おはよ～
月曜日、雨が結構降ってますね。
予報じゃ出かける時間にやむと書いてありますが間に合わないだろうな〜
さて今夜は、

21:00
Wonder Teaparty
グループにJoin

21:30
電脳カルテ
GroupにJoin

21:30
どりーむぷらねっと
ninontaurusuに",1.774550269e+18
湯遊み処ラ・ファミリア,,,Group Join・Join,10:00,,2024-03-31 10:00:00,,"おはよ～
日曜日、今日も良い天気。
昨日は暑かったので今日は薄着にしてみます。
今夜は、

10:00
混浴温泉Barイベント「湯遊み処ラ・ファミリア」
グループにJoin

15:00
バーチャル授乳CafeキタリナPC店
KTRNPC.8733グループにjoin

22:00
B.N.Pandemonium
各ILに",1.774246995e+18
不明,,IL/インスタンス,,22:00,,2024-03-31 22:00:00,,"おはよ～
日曜日、今日も良い天気。
昨日は暑かったので今日は薄着にしてみます。
今夜は、

10:00
混浴温泉Barイベント「湯遊み処ラ・ファミリア」
グループにJoin

15:00
バーチャル授乳CafeキタリナPC店
KTRNPC.8733グループにjoin

22:00
B.N.Pandemonium
各ILに",1.774246995e+18
ご新規様 お久しぶり様歓迎DAY,,rumaruLunareal,リクイン,21:00,,2024-03-28 21:00:00,,"おはよ～
金曜日、なんか天気やばいですね。
通勤したくな〜い‼︎
仕事が終わったら週末！
今夜は

21:00
LUNA REAL -virtual cabaret club  -1部(ランダム)
「ご新規様 お久しぶり様歓迎DAY」
今まで一度も来ていない方or半年以上は入れていない方のみ！」
rumaruLunarealへリクイン",1.773464957e+18
綾女 ayame,,,リクイン・当日枠,21:55,,2024-03-28 21:55:00,,"更新

21:45
SpiritMotion-SecretNight-
当日枠
音緒にリクイン

21:55
ヘヴンリープリズン当日枠 第一部
「綾女 ayame」へリクイン",1.773289025e+18
不明,,setohima,リクイン,22:00,,2024-03-21 22:00:00,,"おはよ～
金曜日、仕事が終われば休みだ〜
今日も忙しいかも。
がんばらない！
今夜は

21:50
ODEO オス声のデカくてエロい女の店
pahubou（ぱふぼう）リクイン1回

22:00
なでトーク
せと。／setohima へReqin

22:00
VRバニーのお店“月兎”第1部
当日発表の店員にJoin

23:00",1.770929372e+18
不明,,当日発表,Join,22:00,,2024-03-21 22:00:00,,"おはよ～
金曜日、仕事が終われば休みだ〜
今日も忙しいかも。
がんばらない！
今夜は

21:50
ODEO オス声のデカくてエロい女の店
pahubou（ぱふぼう）リクイン1回

22:00
なでトーク
せと。／setohima へReqin

22:00
VRバニーのお店“月兎”第1部
当日発表の店員にJoin

23:00",1.770929372e+18
綾女 ayame,,,リクイン・当日枠,21:55,,2024-03-20 21:55:00,,"おはよ〜
木曜日、起きたら頭痛、会社休みたいよ〜
今夜は

21:00
Ravissa
20:50 Yuri -ゆり-にリクイン

21:55
ヘヴンリープリズン当日枠 第一部
「綾女 ayame」へリクイン",1.770566512e+18
不明,,yagupi,リクイン,21:30,,2024-03-20 21:30:00,,"更新！

21:30
地雷系喫茶らんどまいん
yagupiにリクイン

22:00
【470夜め】きまぐれリンドの夜探し  with【みざり】 (http://youtube.com)

22:00
でかいお姉さんカフェ 八尺カフェ
当日発表のILにJoin

22:30
Ephemeral
来店方法と注意事項を確認のうえKE SO,iNaRi_25に",1.770383989e+18
470夜め,,,,22:00,,2024-03-20 22:00:00,,"更新！

21:30
地雷系喫茶らんどまいん
yagupiにリクイン

22:00
【470夜め】きまぐれリンドの夜探し  with【みざり】 (http://youtube.com)

22:00
でかいお姉さんカフェ 八尺カフェ
当日発表のILにJoin

22:30
Ephemeral
来店方法と注意事項を確認のうえKE SO,iNaRi_25に",1.770383989e+18
不明,,IL/インスタンス | 当日発表,Join,22:00,,2024-03-20 22:00:00,,"更新！

21:30
地雷系喫茶らんどまいん
yagupiにリクイン

22:00
【470夜め】きまぐれリンドの夜探し  with【みざり】 (http://youtube.com)

22:00
でかいお姉さんカフェ 八尺カフェ
当日発表のILにJoin

22:30
Ephemeral
来店方法と注意事項を確認のうえKE SO,iNaRi_25に",1.770383989e+18
不明,,iNaRi_25,,22:30,,2024-03-20 22:30:00,,"更新！

21:30
地雷系喫茶らんどまいん
yagupiにリクイン

22:00
【470夜め】きまぐれリンドの夜探し  with【みざり】 (http://youtube.com)

22:00
でかいお姉さんカフェ 八尺カフェ
当日発表のILにJoin

22:30
Ephemeral
来店方法と注意事項を確認のうえKE SO,iNaRi_25に",1.770383989e+18
不明,,yagupi,リクイン,21:30,,2024-03-20 21:30:00,,"おはよ～
水曜日、今日は祝日なのでのんびりします。
今晩は

21:30
地雷系喫茶らんどまいん
yagupiにリクイン

22:00
でかいお姉さんカフェ 八尺カフェ
当日発表のILにJoin

22:30
Ephemeral
来店方法と注意事項を確認のうえKE SO,iNaRi_25に",1.770263211e+18
不明,,IL/インスタンス | 当日発表,Join,22:00,,2024-03-20 22:00:00,,"おはよ～
水曜日、今日は祝日なのでのんびりします。
今晩は

21:30
地雷系喫茶らんどまいん
yagupiにリクイン

22:00
でかいお姉さんカフェ 八尺カフェ
当日発表のILにJoin

22:30
Ephemeral
来店方法と注意事項を確認のうえKE SO,iNaRi_25に",1.770263211e+18
不明,,iNaRi_25,,22:30,,2024-03-20 22:30:00,,"おはよ～
水曜日、今日は祝日なのでのんびりします。
今晩は

21:30
地雷系喫茶らんどまいん
yagupiにリクイン

22:00
でかいお姉さんカフェ 八尺カフェ
当日発表のILにJoin

22:30
Ephemeral
来店方法と注意事項を確認のうえKE SO,iNaRi_25に",1.770263211e+18
不明,,IL/インスタンス,リクイン,22:30,,2024-03-18 22:30:00,,"おはよ～
火曜日、なんか寒い〜
今日働いたらまた休み、がんばらない！
さて今夜は

22:30
DoNow
ILにリクイン2回

23:00
サキュバス酒場
ILにJoin

※行きたいと思ったら事前に必ず運営のX ポストを確認するんだよ！
上の情報を信じちゃいけないよ！
間違えてることあるからね！！",1.7698432e+18
不明,,IL/インスタンス,Join・抽選/予約等,23:00,,2024-03-18 23:00:00,,"おはよ～
火曜日、なんか寒い〜
今日働いたらまた休み、がんばらない！
さて今夜は

22:30
DoNow
ILにリクイン2回

23:00
サキュバス酒場
ILにJoin

※行きたいと思ったら事前に必ず運営のX ポストを確認するんだよ！
上の情報を信じちゃいけないよ！
間違えてることあるからね！！",1.7698432e+18
おんらいんっ！,,,リクイン,20:55,,2024-03-17 20:55:00,,"おはよ～
月曜日、病院いくつか回るのでお休みで〜す！
今夜は、

20:55
電脳メイドカフェ「おんらいんっ！」
電脳メイド おんらいんっにリクイン

21:00
Wonder Teaparty
グループにJoin

22:00
VR海の家「常夏」
店員にJoin

22:00
LapDance CLUB -Spirit Motion-1部 プチコンセプト回",1.76950233e+18
常夏,,,Join,22:00,,2024-03-17 22:00:00,,"おはよ～
月曜日、病院いくつか回るのでお休みで〜す！
今夜は、

20:55
電脳メイドカフェ「おんらいんっ！」
電脳メイド おんらいんっにリクイン

21:00
Wonder Teaparty
グループにJoin

22:00
VR海の家「常夏」
店員にJoin

22:00
LapDance CLUB -Spirit Motion-1部 プチコンセプト回",1.76950233e+18
えくちゅーれ,,IL/インスタンス,Join,21:00,,2024-03-17 21:00:00,,"おはよ～
日曜日、よふかししたのでいっぱい寝ました～
今日は風強そ～
今夜は、

21:00
萌え声めいどかふぇ「えくちゅーれ」(みゃのんさんラスト)
ILにJoin

21:00
VRCメンズコンカフェ「夜桜」
RiN（りん）に",1.76919642e+18
夜桜,,,,21:00,,2024-03-17 21:00:00,,"おはよ～
日曜日、よふかししたのでいっぱい寝ました～
今日は風強そ～
今夜は、

21:00
萌え声めいどかふぇ「えくちゅーれ」(みゃのんさんラスト)
ILにJoin

21:00
VRCメンズコンカフェ「夜桜」
RiN（りん）に",1.76919642e+18
不明,,IL/インスタンス,Join,22:00,,2024-03-06 22:00:00,,"おはよ～
木曜日、2度寝しちゃってあわやという時間でした。
今夜は

21:00
Ravissa
20:50 Yuri -ゆり-にリクイン

21:55
STARDUST
DIENA-でぃえなにリクイン1回

22:00
フレンチメイドカフェ ふる〜る
ILにJoin

22:00
VRバニーのお店“月兎”第1部
当日発表の店員にJoin

22:10
STARLOSER(ダンスDay！)",1.76550724e+18
不明,,当日発表,Join,22:00,,2024-03-06 22:00:00,,"おはよ～
木曜日、2度寝しちゃってあわやという時間でした。
今夜は

21:00
Ravissa
20:50 Yuri -ゆり-にリクイン

21:55
STARDUST
DIENA-でぃえなにリクイン1回

22:00
フレンチメイドカフェ ふる〜る
ILにJoin

22:00
VRバニーのお店“月兎”第1部
当日発表の店員にJoin

22:10
STARLOSER(ダンスDay！)",1.76550724e+18
不明,,ayame,Join,22:00,,2024-03-05 22:00:00,,"おはよ～
水曜日、雨ですね〜、寒いですね〜暖かい格好しようね。
今夜は

22:00
mistress bar トワイライト
綾女 ayameにJoin

22:00
めすがきっさロぅリぃ
ILにJoin

22:00
Bar-Manhattan-
ILに",1.765149053e+18
不明,,IL/インスタンス,Join,22:00,,2024-03-05 22:00:00,,"おはよ～
水曜日、雨ですね〜、寒いですね〜暖かい格好しようね。
今夜は

22:00
mistress bar トワイライト
綾女 ayameにJoin

22:00
めすがきっさロぅリぃ
ILにJoin

22:00
Bar-Manhattan-
ILに",1.765149053e+18
不明,,IL/インスタンス,,22:00,,2024-03-05 22:00:00,,"おはよ～
水曜日、雨ですね〜、寒いですね〜暖かい格好しようね。
今夜は

22:00
mistress bar トワイライト
綾女 ayameにJoin

22:00
めすがきっさロぅリぃ
ILにJoin

22:00
Bar-Manhattan-
ILに",1.765149053e+18
不明,,yagupi,リクイン,21:30,,2024-03-04 21:30:00,,"おはよ～
火曜日、
今夜は

21:30
地雷系喫茶らんどまいん
yagupiにリクイン

22:30
DoNow
ILに",1.764762976e+18
不明,,IL/インスタンス,,22:30,,2024-03-04 22:30:00,,"おはよ～
火曜日、
今夜は

21:30
地雷系喫茶らんどまいん
yagupiにリクイン

22:30
DoNow
ILに",1.764762976e+18
常夏,,,Join,22:00,,2024-03-03 22:00:00,,"おはよ～
月曜日、早めに寝ましたが眠いですね。
寒いしね〜
今夜は

21:00
Wonder Teaparty
グループにJoin

22:00
VR海の家「常夏」
店員にJoin

22:00
LapDance CLUB -Spirit Motion-1部
Selah'に",1.764402457e+18
湯遊み処ラ・ファミリア,,,Group Join・Join,10:00,,2024-03-03 10:00:00,,"おはよ～
日曜日、今週も午前中は温泉イベントです。
そして、午後は改変だ～
今日は、

10:00
混浴温泉Barイベント「湯遊み処ラ・ファミリア」
グループにJoin

21:00
萌え声めいどかふぇ えくちゅーれ
第1インスタンス(eninofiにフレンド申請、join)

22:00
B.N.Pandemonium
各ILに",1.764097099e+18
不明,,フレンド申請,Join・フレンド申請,21:00,,2024-03-03 21:00:00,,"おはよ～
日曜日、今週も午前中は温泉イベントです。
そして、午後は改変だ～
今日は、

10:00
混浴温泉Barイベント「湯遊み処ラ・ファミリア」
グループにJoin

21:00
萌え声めいどかふぇ えくちゅーれ
第1インスタンス(eninofiにフレンド申請、join)

22:00
B.N.Pandemonium
各ILに",1.764097099e+18
不明,,IL/インスタンス,,22:00,,2024-03-03 22:00:00,,"おはよ～
日曜日、今週も午前中は温泉イベントです。
そして、午後は改変だ～
今日は、

10:00
混浴温泉Barイベント「湯遊み処ラ・ファミリア」
グループにJoin

21:00
萌え声めいどかふぇ えくちゅーれ
第1インスタンス(eninofiにフレンド申請、join)

22:00
B.N.Pandemonium
各ILに",1.764097099e+18
不明,,azura,リクイン,22:30,,2024-02-19 22:30:00,,"おはよ～
火曜日、今日も暖かそう。
今晩は

21:30
地雷系喫茶らんどまいん
""yagupi""にリクイン

22:30
DoNow
sara azuraへリクイン2回

23:00
サキュバス酒場！
各ILにJoin

どれに行く？
※行きたいと思ったら事前に必ず運営のX ポストを確認するんだよ！
上の情報を信じちゃいけないよ！",1.759695912e+18
不明,,IL/インスタンス,Join・抽選/予約等,23:00,,2024-02-19 23:00:00,,"おはよ～
火曜日、今日も暖かそう。
今晩は

21:30
地雷系喫茶らんどまいん
""yagupi""にリクイン

22:30
DoNow
sara azuraへリクイン2回

23:00
サキュバス酒場！
各ILにJoin

どれに行く？
※行きたいと思ったら事前に必ず運営のX ポストを確認するんだよ！
上の情報を信じちゃいけないよ！",1.759695912e+18
不明,,rumaru_Lunareal,リクイン,21:00,,2024-02-15 21:00:00,,"おはよ～
金曜日、2日連続1時過ぎくらいに寝たらちょっとは楽になったかな。
今日働けば週末に突入！
がんばらないで過ごすぞ！
さて、今晩は

21:00
LUNA REAL -virtual cabaret club-1部
rumaru_Lunarealへリクイン",1.758241889e+18
不明,,IL/インスタンス,Join,22:00,,2024-02-14 22:00:00,,"おはよ～
木曜日、若干早く寝たけど眠いですね。
あと2日働けば休みだね。
今日は

22:00
異世界系ロールプレイBAR「KissKill」
21:50リクイン開始

22:00
フレンチメイドカフェ ふる〜る
ILにJoin

22:00
酒飲み雑談Bar Callme

23:00
神酩の宴
sara azuraに",1.757912354e+18
不明,,azura,,23:00,,2024-02-14 23:00:00,,"おはよ～
木曜日、若干早く寝たけど眠いですね。
あと2日働けば休みだね。
今日は

22:00
異世界系ロールプレイBAR「KissKill」
21:50リクイン開始

22:00
フレンチメイドカフェ ふる〜る
ILにJoin

22:00
酒飲み雑談Bar Callme

23:00
神酩の宴
sara azuraに",1.757912354e+18
夜桜,,RiN,リクイン,21:00,,2024-02-12 21:00:00,,"おはよ～
火曜日、今週は4日働けば休みが来るね〜
今日は

21:00
VRCメンズコンカフェ「夜桜」
RiNにリクイン2回

22:00
魔法学院カフェ『Astromensia』
21:55リクイン2回

22:00",1.757152558e+18
湯遊み処ラ・ファミリア,,,Group Join・Join,10:00,,2024-02-11 10:00:00,,"おはよ～
日曜日、これから温泉イベントでのんびりしてくる。
今日は、

10:00
混浴温泉Barイベント「湯遊み処ラ・ファミリア」
グループにJoin

22:00
Nice Butt Bunnys
Don(蛙問屋)へリクイン",1.756480759e+18
VRCホストイベント,,kiyoka,リクイン,21:50,,2024-02-10 21:50:00,,"おはよ～
土曜日、6時寝なので眠い〜
昼寝するけどUnity頑張りたい！
今日は
21:00 SilentClub
メンバーにJoin

21:50
Dear Birth【VRCホストイベント】
きよかkiyokaにリクイン",1.756144366e+18
不明,,IL/インスタンス,,22:00,,2024-02-06 22:00:00,,"おはよ～
水曜日、う〜ん、2時間しか寝てない。
眠すぎる。
仕事休みたい。
さて、今日は
21:50
STARDUST
DIENA-でぃえなにリクイン

22:00
-VRCBar-【Manhattan】プレオープン
ILに",1.754985995e+18
不明,,azura,,22:30,,2024-02-05 22:30:00,,"おはよ～
火曜日、寒いね〜、眠いね〜。
電車動いてるので出勤しなきゃだよ〜
嫌すぎる〜

さて今日は、
21:30
地雷系喫茶らんどまいん
""yagupi""にリクイン

22:30
DoNow
sara azuraへ",1.754620625e+18
Wonder Tea party,,,Group Join・Join,21:00,,2024-02-04 21:00:00,,"おはよ～
月曜日、首都圏は雪降るのだろうか？
交通が乱れそう。

今日は
21:00
Wonder Tea Party
「Wonder Tea party」のグループにJoin

22:00
VR海の家「常夏」
店員にJoin

22:50
みどり祭
ILに",1.7542591e+18
常夏,,,Join,22:00,,2024-02-04 22:00:00,,"おはよ～
月曜日、首都圏は雪降るのだろうか？
交通が乱れそう。

今日は
21:00
Wonder Tea Party
「Wonder Tea party」のグループにJoin

22:00
VR海の家「常夏」
店員にJoin

22:50
みどり祭
ILに",1.7542591e+18
不明,,IL/インスタンス,,22:50,,2024-02-04 22:50:00,,"おはよ～
月曜日、首都圏は雪降るのだろうか？
交通が乱れそう。

今日は
21:00
Wonder Tea Party
「Wonder Tea party」のグループにJoin

22:00
VR海の家「常夏」
店員にJoin

22:50
みどり祭
ILに",1.7542591e+18
湯遊み処ラ・ファミリア,,,Group Join・Join,10:00,,2024-02-04 10:00:00,,"おはよ～
日曜日、雨ですね～
関東民だけど明日雪って本当？

今日は
10:00
混浴温泉Barイベント「湯遊み処ラ・ファミリア」
グループにJoin

21:00
萌え声めいどかふぇ えくちゅーれ
当日発表のILにJoin

22:00
B.N.Pandemonium
やまのきくらげに",1.753942457e+18
不明,,IL/インスタンス | 当日発表,Join,21:00,,2024-02-04 21:00:00,,"おはよ～
日曜日、雨ですね～
関東民だけど明日雪って本当？

今日は
10:00
混浴温泉Barイベント「湯遊み処ラ・ファミリア」
グループにJoin

21:00
萌え声めいどかふぇ えくちゅーれ
当日発表のILにJoin

22:00
B.N.Pandemonium
やまのきくらげに",1.753942457e+18
こも,,,Group Join・Join,21:00,,2024-01-08 21:00:00,,"自分メモ

※個人的なメモ書きです。
正確でない場合もあります。
自身が行きたいイベントがあった場合、必ず公式の発表を確認してください。

21:00
ワンダーティーパーティー
グループプラスもしくはきな「こも」ち、紗英にJoin

22:00
RiririOnStage
Selah’に",1.744182589e+18
不明,,TabeSugi,リクイン,19:00,,2024-01-07 19:00:00,,"自分メモ：
2023/01/07

19:00
懐久あまね討伐祭
TabeSugiにリクイン

20:55
おんらいんっ！
電脳メイド おんらいんっ！にリクイン
新年初回の営業は「Poor制限撤廃」を試験的に

21:00
占泉共鏡
Uni Astrologyに",1.743837147e+18
Poor制限撤廃,,,リクイン・初回限定,20:55,,2024-01-07 20:55:00,,"自分メモ：
2023/01/07

19:00
懐久あまね討伐祭
TabeSugiにリクイン

20:55
おんらいんっ！
電脳メイド おんらいんっ！にリクイン
新年初回の営業は「Poor制限撤廃」を試験的に

21:00
占泉共鏡
Uni Astrologyに",1.743837147e+18
不明,,Astrology,,21:00,,2024-01-07 21:00:00,,"自分メモ：
2023/01/07

19:00
懐久あまね討伐祭
TabeSugiにリクイン

20:55
おんらいんっ！
電脳メイド おんらいんっ！にリクイン
新年初回の営業は「Poor制限撤廃」を試験的に

21:00
占泉共鏡
Uni Astrologyに",1.743837147e+18
不明,,抽選/予約等,抽選/予約等,22:00,,2023-12-11 22:00:00,,"あからっくまさん、おはよ〜
え、そうなんですね。
CSBカレンダーには逢曲時生配信だけしか書いてなかった〜
盲点です。
確かに昨日ちゅべさんがそのような内容をポストしてますね。
22:00にすでに予約通ったイベントがあるので23:00リクイン難しそうですね。
うまく時間合えば嬉しいけど。",1.734007134e+18
九尾の傍観者の集い,#9b3d #九尾の傍観者,,Group Join・Join,21:00,22:00,2025-04-05 21:00:00,2025-04-05 22:00:00,"【VRChatイベント告知】九尾の傍観者 1周年記念集会を開催します！

日時：4月19日 (土) 21:00 ~ 22:00

参加方法：「九尾の傍観者の集い」のグループに参加 & グループインスタンスからJOINして下さい (グループリンクはリプ参照)

ぜひ1周年記念をみんなでお祝いしましょう！
#九尾の傍観者 #9b3d",1.908513515e+18
不明,,wing4,リクイン,22:50,,2025-03-30 22:50:00,,"グランドオープン

ゲストキャストWelciaさん 
@Welcia_VRC
 が来ていただいてます

⋆.⋆ ˚｡⋆୨୧⋆ ˚｡⋆.⋆
4/3 (木) 22:50 受付開始
wing4 へReqIn 2回

イベント時間：80+分
参加条件をよくご確認ください
— — — ˗ˋ ୨୧ ˊ˗ — — — 

無我夢中の一晩をお楽しみくださいませ",1.906481566e+18
遠足のおやつは300円まで,#VRChat,フレンド申請,Join・フレンド申請,15:00,16:00,2025-04-06 15:00:00,2025-04-06 16:00:00,"VRC300円遠足会

日時：4月12日(土)15:00～16:00
参加方法：『ひととせハル』へフレンド申請&amp;Join
Quest対応

「遠足のおやつは300円まで」という条件でおやつを買ってきて、みんなでまったりお散歩しながら食べるイベントです！
詳細は画像を見てね

#VRChat",1.908814e+18
不明,,抽選/予約等,抽選/予約等,23:45,,2025-04-16 23:45:00,,"〖Club Leglus 事前抽選開始のお知らせ〗  

◸開催日時◿ 
4/24 (木)
一部 22:30〜 
二部 23:45〜  

◸事前抽選参加方法◿ 
下記応募フォームよりご応募しご参加ください。
https://x.gd/BjQ7a",1.912415673e+18
#写真撮る人撮られる人集会,#写真撮る人撮られる人集会 #VRChat記憶部,IL/インスタンス,Group Join・Join,21:00,,2025-04-06 21:00:00,,"【次回 定期会のお知らせ】
開催日時：2025年4月10日(木) 21:00～
参加条件：写真が好きな方なら誰でもOK
VRChatにて、「#VRChat記憶部」のグループへ入りインスタンスへJOINしてください
被写体やりたい方や、写真をこれから始める方も大歓迎！
(※ツリー詳細に続く)
#写真撮る人撮られる人集会",1.908829948e+18
題名のないお茶会,#あ茶会,,Group Join・Join,14:30,16:00,2025-04-09 14:30:00,2025-04-09 16:00:00,"現実と想像の間に広がる空間で、音楽と繋がる時間。
#あ茶会

※ OP後、いつもより１つ多い３インスタンスに分かれての開催になります。

第218回 題名のないお茶会
【日時】4月13日(日) 14:30〜16:00
【場所】Agog House by Agog Admin
【参加方法】Group+「題名のないお茶会」にjoin",1.909937025e+18
船(パート2),#幻会興業,,Group+ Join・Join,22:00,23:30,2025-04-15 22:00:00,2025-04-15 23:30:00,"【お知らせ】
4/19(土)のワールド巡り（※PC Only）は、22:00~23:30を予定しております。

今回のテーマは『船(パート2)』です。 

参加方法は下記URLより、イベント参加者用Groupに+join Groupをお願いいたします。
http://x.gd/li2lC

みなさまのご参加をお待ちしております。
#幻会興業",1.912157328e+18
不明,,wing4 | 抽選/予約等,リクイン・抽選/予約等,22:45,,2025-04-06 22:45:00,,"⋆.⋆ ˚｡⋆୨୧⋆ ˚｡⋆.⋆
第2回開催

リクイン受付
4/10(木) 22:45
wing4 へReqIn ""'1'""回

イベント時間 80+分
— — — ˗ˋ ୨୧ ˊ˗ — — —

事前抽選フォーム↓",1.909018284e+18
#FlavorLab_VRC,#FlavorLab_VRC,,,01:01,,2025-04-05 01:01:00,,"【VRC イベント】いろんな味と個性を持ったアイスさん達と1:1で会話するアイス屋RPイベント『Flavor Lab+』#FlavorLab_VRC
第03回営業日：2025年04月09日(水) 22:50 ~ 24:30  
締め切り：2025年04月07日(月) 18時

⇩完全抽選制 下記リンクより応募お待ちしております。",1.908488164e+18
#FlavorLab_VRC,#FlavorLab_VRC,抽選/予約等,抽選/予約等,18:00,,2025-04-05 18:00:00,,"【VRC イベント】いろんな味と個性を持ったアイスさん達と1:1で会話するアイス屋RPイベント『Flavor Lab+』#FlavorLab_VRC
第03回営業日：2025年04月09日(水) 22:50 ~ 24:30  
締め切り：2025年04月07日(月) 18時

⇩完全抽選制 下記リンクより応募お待ちしております。",1.908488164e+18
#アバター改変なんもわからん集会,#アバター改変なんもわからん集会,,,22:15,,2024-10-08 22:15:00,,"第22回「アバター改変なんもわからん集会」 
日時：10月16日(水) 22:15開催 (22:00開場) 
※観戦インスタンスも用意します 
講師：bd_さん 
内容：Modular Avatar 1.10 新機能デモンストレーション
想定技術Lv：衣装導入したことがある 
参加方法：VRCグループへjoin 
#アバター改変なんもわからん集会",1.843758265e+18
#アバター改変なんもわからん集会,#アバター改変なんもわからん集会,,Group Join・Join,22:00,,2024-10-08 22:00:00,,"第22回「アバター改変なんもわからん集会」 
日時：10月16日(水) 22:15開催 (22:00開場) 
※観戦インスタンスも用意します 
講師：bd_さん 
内容：Modular Avatar 1.10 新機能デモンストレーション
想定技術Lv：衣装導入したことがある 
参加方法：VRCグループへjoin 
#アバター改変なんもわからん集会",1.843758265e+18
日曜夜の持ち寄り朗読会,#VRChat #持ち寄り朗読会,,,22:00,,2025-04-13 22:00:00,,告知：本日 4/13（日）の22:00から、第334回「日曜夜の持ち寄り朗読会」を開催します。開場は21:40頃になります。読む側での参加が出来る朗読会です。事前の申請などは必要ないので読みたい文章を用意して当日お越しください。聞き手の方も大歓迎。Questからの参加もOK。 #VRChat #持ち寄り朗読会,1.911215554e+18
#持ち寄り朗読会,#VRChat #持ち寄り朗読会,,抽選/予約等,21:40,,2025-04-13 21:40:00,,告知：本日 4/13（日）の22:00から、第334回「日曜夜の持ち寄り朗読会」を開催します。開場は21:40頃になります。読む側での参加が出来る朗読会です。事前の申請などは必要ないので読みたい文章を用意して当日お越しください。聞き手の方も大歓迎。Questからの参加もOK。 #VRChat #持ち寄り朗読会,1.911215554e+18
#撫でいら,#撫でいら #癒しなで,,,22:15,,2025-04-06 22:15:00,,"『イベント告知』
 #撫でいら (
@Medolize_vrc
) × #癒しなで コラボ開催日のお知らせです。
𝓰𝓾𝓮𝓼𝓽 𝓶𝓮𝓶𝓫𝓮𝓻としてご参加いただいております。
撫でいらキャスト様の普段とは違うお姿をお楽しみください――。
開催日は4月12日（土）PM22：15～PM23：15
グループ検索用（NADE.9902)",1.909003432e+18
#撫でいら,#撫でいら #癒しなで,,Group Join,23:15,,2025-04-06 23:15:00,,"『イベント告知』
 #撫でいら (
@Medolize_vrc
) × #癒しなで コラボ開催日のお知らせです。
𝓰𝓾𝓮𝓼𝓽 𝓶𝓮𝓶𝓫𝓮𝓻としてご参加いただいております。
撫でいらキャスト様の普段とは違うお姿をお楽しみください――。
開催日は4月12日（土）PM22：15～PM23：15
グループ検索用（NADE.9902)",1.909003432e+18
#アバター改変なんもわからん集会,#アバター改変なんもわからん集会,,,22:15,,2024-09-11 22:15:00,,"第20回「アバター改変なんもわからん集会」 
日時：9月18日(水) 22:15開催 (22:00開場) 
※観戦インスタンスも用意
講師：たしゅさん
内容：Vroidのリボンを改変して揺れるようにする
想定技術Lv：blenderをちょっと触ったことがある程度
参加方法：VRCグループへjoin
#アバター改変なんもわからん集会",1.833702002e+18
#アバター改変なんもわからん集会,#アバター改変なんもわからん集会,,Group Join・Join,22:00,,2024-09-11 22:00:00,,"第20回「アバター改変なんもわからん集会」 
日時：9月18日(水) 22:15開催 (22:00開場) 
※観戦インスタンスも用意
講師：たしゅさん
内容：Vroidのリボンを改変して揺れるようにする
想定技術Lv：blenderをちょっと触ったことがある程度
参加方法：VRCグループへjoin
#アバター改変なんもわからん集会",1.833702002e+18
#アバター改変なんもわからん集会,#アバター改変なんもわからん集会,,Group Join・Join,22:00,,2025-01-19 22:00:00,,"第28回「アバター改変なんもわからん集会」 
日時：1月22日(水) 22:00開場 
内容：改変なんでも質問会 
想定技術Lv：なんもわからん 
参加方法：VRCグループへjoin 
※講師はいますが講演は行いません 
※スタッフが2つのインスタンスで参加者をサポートします
#アバター改変なんもわからん集会",1.881114608e+18
#VRC怪談集会赤い部屋,#VRC怪談集会赤い部屋,akaiheya | フレンド申請,Join・フレンド申請,22:00,,2025-04-07 22:00:00,,"VRC怪談集会 赤い部屋 第76回
◎開催日時：4/7(月) 22:00
◎参加方法：akaiheya にJOIN
※フレンド申請してください

怪談集会を開催します。

聞き専歓迎、話者大歓迎。
怖い話や不思議な話を内容問わず持ち寄りましょう。

#VRC怪談集会赤い部屋",1.909086229e+18
#VRC_Confession,#VRC_Confession,hotabi | フレンド申請,Join・フレンド申請・抽選/予約等,23:00,,2025-03-02 23:00:00,,"今宵23時、懺悔室＆Bar「Confession」の扉が開きます
迷える子羊様のお越しをお待ちしています
【参加方法Join形式】 
▼Join先（事前にフレンド申請）
第1インスタンス：hotabi
※お客様の数が定員に達し次第Joinを締め切るのでご注意ください
#VRC_Confession",1.896116219e+18
#VRChat,#VRQKENJA #VRChat #VRC #TVラビィ,,,09:00,,2025-04-16 09:00:00,,"本日よる9時~プレッシャー賢者!STUDYオープンベータテスト[賢者クイズサークル]にて開催。詳細はイベントカレンダーなどで…。
#VRChat #VRC #VRQKENJA #TVラビィ
収録の調整を行っていきます。",1.912424494e+18
#VRC群馬県民集会,#VRC群馬県民集会 #VRChat,Group,Group Join・Join,22:00,,2024-12-29 22:00:00,,"告知遅くなりごめんなさい！！！
今年も残りわずかですが、今月もやります！群馬県民集会！
明日12/30 月曜日の22時からです！
皆様のお越しをお待ちしております！！
Group+での開催となりますので、下記のGroupへjoinをお願いします！

#VRChat #VRC群馬県民集会",1.873327641e+18
#RavissaVRC,#RavissaVRC,フレンド申請,フレンド申請・リクイン・抽選/予約等,20:55,,2025-04-16 20:55:00,,"【イベント告知】
   ୨୧┈┈୨୧
    4/17（木）
  21:00～22:30
20:55 ReqIn開始
    ୨୧┈┈୨୧
※リクインは5分前となります

画像をご確認頂き事前フレンド申請をしてRequest Inviteをお送り下さい。
リクイン先、インスタンス情報はリプ欄にて。 
#RavissaVRC",1.912445874e+18
#VRC夢枕,#VRC夢枕,抽選/予約等,抽選/予約等,20:55,22:00,2025-04-16 20:55:00,2025-04-16 22:00:00,"━…━…━…━…━…━…━
膝枕イベント -夢枕-
04/20(日)20:55-22:00
━…━…━…━…━…━…━
事前応募を受付中！

応募期限04/19(土)18:00
当選者発表04/19(土)21:00
#VRC夢枕
https://forms.gle/urxEXTgDJkt8ePaP9…",1.912452161e+18
#VRC夢枕,#VRC夢枕,,,18:00,,2025-04-16 18:00:00,,"━…━…━…━…━…━…━
膝枕イベント -夢枕-
04/20(日)20:55-22:00
━…━…━…━…━…━…━
事前応募を受付中！

応募期限04/19(土)18:00
当選者発表04/19(土)21:00
#VRC夢枕
https://forms.gle/urxEXTgDJkt8ePaP9…",1.912452161e+18
#VRC夢枕,#VRC夢枕,,,21:00,,2025-04-16 21:00:00,,"━…━…━…━…━…━…━
膝枕イベント -夢枕-
04/20(日)20:55-22:00
━…━…━…━…━…━…━
事前応募を受付中！

応募期限04/19(土)18:00
当選者発表04/19(土)21:00
#VRC夢枕
https://forms.gle/urxEXTgDJkt8ePaP9…",1.912452161e+18
#にんげん牧場,#にんげん牧場,,,22:00,23:00,2025-01-26 22:00:00,2025-01-26 23:00:00,"#にんげん牧場 うしがら 
1/26 22:00〜23:00
          

本日のにんげんさんのラインナップです

のらねねこちゃん
しぐえもんちゃん
ふぃりあくん
おさばんちゃん
れぇずんちゃん
まぞのちゃん",1.883437161e+18
#アバター改変なんもわからん集会,#アバター改変なんもわからん集会,,Group Join・Join,22:00,,2025-04-09 22:00:00,,"第35回「アバター改変なんもわからん集会」  
日時：4月16日(水) 22:00開場  
内容：改変なんでも質問会  
想定技術Lv：なんもわからん  
参加方法：VRCグループへjoin  
※講師はいますが講演は行いません  
※スタッフが2つのインスタンスで参加者をサポートします 
#アバター改変なんもわからん集会",1.909928044e+18
#にんげん牧場,#にんげん牧場,,,22:00,23:00,2024-12-15 22:00:00,2024-12-15 23:00:00,"#にんげん牧場 うしがら 
12/15 22:00〜23:00
          

本日のにんげんさんのラインナップです

のらねねこちゃん
あきらくん
ふぃりあくん
しぐえもんちゃん
まぞのちゃん",1.868208772e+18
くまちゃんサンタコーデ,#ぽてくろ,抽選/予約等,抽選/予約等,17:00,,2024-12-04 17:00:00,,"#ぽてくろ

12/6 17時頃発売予定の「くまちゃんサンタコーデ」を抽選で3名様にプレゼント!

応募方法
①
@POTEKURO_info
をフォロー
②このツイートをRPで完了！
（＋引用RPで当選確率）
 
※応募期限は発売開始まで   

公開後抽選を行い当選者さんにDMを送らせて頂きます",1.864183158e+18
日本版GPS,,,Group Join,22:00,,2025-01-19 22:00:00,,"【イベント告知】
みちびき6号機 打ち上げ直前予習会
日時：1/24 (金) 22:00～
参加：kizta / VSP Group+ (YouTube配信あり)

「日本版GPS」とも呼ばれる、準天頂衛星システム「みちびき」はどのように社会の役に立っているのか、6号機が打ち上ると我々の生活がどう変わるのか、をお話致します。()",1.880923237e+18
不明,,フレンド申請,フレンド申請・リクイン,22:10,,2025-01-20 22:10:00,,"『join方式の変更』

第３回癒しなで開催日1月25日（土）より参加方法が変わります。
『ponchof』にフレンド申請の上PM22：10にリクインをお願いします。
フレンド申請先
https://vrchat.com/home/user/usr_e7fb5c43-0be1-4911-8261-af3ded6a5191…",1.881175064e+18
#VRC_庭,#VRC_SCREAM #VRC_庭,抽選/予約等,リクイン・抽選/予約等,23:00,,2025-04-11 23:00:00,,"SCREAM GARDEN
  4/18 (金) 23:00 ReqIn
 performer：やまみー 
= = = = = = = = = = = = 
#VRC_SCREAM #VRC_庭 闇の一族の宴にようこそ…

招待状プレゼント！このポストを引用で応募完了！Halloweenの世界で楽しむRP＆ライブステージテーマパークイベント",1.910528234e+18
#VRChat,#VRChat,,Group Join・抽選/予約等,21:30,22:30,2025-04-03 21:30:00,2025-04-03 22:30:00,"【イベント告知】
し～ぷかふぇ4月の営業日のお知らせメェ
4月13日4月27日（日）21：30～22：30
Groupにて開催です
事前にグループ申請してください 
https://vrc.group/IMONST.8796
そしてなんと新しいスタッフさんが増えます
みんな遊びにきてね

#VRChat
#し～ぷかふぇ",1.907931121e+18
#天文仮想研究所,#天文仮想研究所,,Group Join,22:00,,2024-12-27 22:00:00,,"【イベント告知】しぶんぎ座流星群をVRCで見よう！
 開催日：1月4日 (土) 22:00～ 
参加：Group+ インスタンス (VSP.9377) 
VRChat上の星空にYouTubeLIVEの流星を「位置を合わせて」投影します。現実の流星群を、バーチャル空間からLIVE観測しましょう。
 #天文仮想研究所()",1.872598303e+18
#VRC_Confession,#VRC_Confession,フレンド申請,Join・フレンド申請・抽選/予約等,23:00,,2025-03-09 23:00:00,,"今宵23時、懺悔室＆Bar「Confession」の扉が開きます
迷える子羊様のお越しをお待ちしています
【参加方法Join形式】 
▼Join先（事前にフレンド申請）
第1インスタンス：シリル＠
※お客様の数が定員に達し次第Joinを締め切るのでご注意ください
#VRC_Confession",1.898646267e+18
さーくるどろーいんぐ,,,Group Join・Join,21:00,22:00,2025-04-13 21:00:00,2025-04-13 22:00:00,"シェイリアの試着会やります
開催日
4/13（日）21:00-22:00
4/19（土）21:00-22:00
参加方法
「さーくるどろーいんぐ」のGroup+でインスタンスを開きますのでJoinしてください。

参加、退出は自由です～。気になる方は遊びに来てください！

■グループの詳細はこちら",1.911265288e+18
Selah',,,,23:00,,2025-02-03 23:00:00,,"お待たせいたしました、本日より第7シーズンスタート致します。
本日2/3、第一部は事前抽選会となっております。
第二部は通常通りリクイン制のため、ご来場希望の方は23:00になりましたら、「Selah'」 までrequest inviteを、回数は1回まででお願い致します。",1.886256298e+18
#アバター改変なんもわからん集会,#アバター改変なんもわからん集会,,,22:15,,2024-08-14 22:15:00,,"第18回「アバター改変なんもわからん集会」
日時：8月21日(水) 22:15開催 (22:00開場) 
※観戦インスタンスも用意
講師：azukimochi25さん
内容：ワールドのライトとアバターの話 with LLC
想定技術Lv：中級マテリアルの設定ができる程度
参加方法：VRCグループへjoin
#アバター改変なんもわからん集会",1.823555153e+18
#アバター改変なんもわからん集会,#アバター改変なんもわからん集会,,Group Join・Join,22:00,,2024-08-14 22:00:00,,"第18回「アバター改変なんもわからん集会」
日時：8月21日(水) 22:15開催 (22:00開場) 
※観戦インスタンスも用意
講師：azukimochi25さん
内容：ワールドのライトとアバターの話 with LLC
想定技術Lv：中級マテリアルの設定ができる程度
参加方法：VRCグループへjoin
#アバター改変なんもわからん集会",1.823555153e+18
#VRC_Confession,#VRC_Confession,hotabi,Join,23:00,,2025-03-30 23:00:00,,"今宵23時、当館の扉が開きます。
本日をもって今までの懺悔室&Bar「Confession」の舞台とは残念ながらお別れとなってしまいます。
最後に是非ご来館くださいませ。

▼Join先
第1インスタンス：hotabi
第2インスタンス：シリル＠
※お客様の数が定員に達し次第Joinを締め切ります
#VRC_Confession",1.906266685e+18
#VRCエクスタシー,#VRCエクスタシー,抽選/予約等,抽選/予約等,22:50,,2025-03-31 22:50:00,,"グランドオープン 4/3 (木) 22:50
事前抽選の募集を開始しました

このツイートをRTしていただけたら確率若干上がります

締め切り 4/2 18:00
当選連絡 4/2 23:59までに

また、当日はリクイン枠もございます
#VRCエクスタシー",1.906523375e+18
#VRCエクスタシー,#VRCエクスタシー,,,18:00,,2025-03-31 18:00:00,,"グランドオープン 4/3 (木) 22:50
事前抽選の募集を開始しました

このツイートをRTしていただけたら確率若干上がります

締め切り 4/2 18:00
当選連絡 4/2 23:59までに

また、当日はリクイン枠もございます
#VRCエクスタシー",1.906523375e+18
#VRCエクスタシー,#VRCエクスタシー,,リクイン,23:59,,2025-03-31 23:59:00,,"グランドオープン 4/3 (木) 22:50
事前抽選の募集を開始しました

このツイートをRTしていただけたら確率若干上がります

締め切り 4/2 18:00
当選連絡 4/2 23:59までに

また、当日はリクイン枠もございます
#VRCエクスタシー",1.906523375e+18
#幻会興業,#幻会興業,,Group+ Join・Join,22:00,23:30,2025-03-26 22:00:00,2025-03-26 23:30:00,"【お知らせ】
3/29(土)のワールド巡り（※PC Only）は、22:00~23:30を予定しております。

今回のテーマは『桜』です。

参加方法は下記URLより、イベント参加者用Groupに+join Groupをお願いいたします。
http://x.gd/li2lC

みなさまのご参加をお待ちしております。
#幻会興業",1.904883423e+18
Request Inviteを1回のみ,#VRCランタンナイト,,リクイン,00:30,,2025-04-04 00:30:00,,"【告知】
今夜は #VRCランタンナイト 開催日です！

・日時: 4/4(金) 24:30- (4/5(土) 0:30- )
営業時間になったら「Request Inviteを1回のみ」送ってください！

・お連れ様1名まで可
(お連れ様にリクインを送ってもらってください)

リクイン先：安良城あきら",1.908081902e+18
#VRCギタリスト集会,#VRCギタリスト集会,,Group Join・Join,21:00,,2025-04-13 21:00:00,,"第10回目となります。ご参加お待ちしています!!  
イベント名: VRCギタリスト集会10th  
日時:4月27日(日曜日)21時～   
参加方法: ギタリスト集会のGroupに参加の上JOINしてください 
#VRCギタリスト集会",1.911561844e+18
#天文仮想研究所,#天文仮想研究所,,Group Join・Join,22:00,23:30,2025-01-01 22:00:00,2025-01-01 23:30:00,"【イベント告知】
VSP 新年 書き初め
日時: 1/5(日) 22:00-23:30
Join #天文仮想研究所 VSP グループ Only（VRモード推奨）

新しい年の始まりを、VRで書き初めしてみませんか？

お互いの作品を見せ合ったりして、一緒に楽しく新年スタートさせます。
是非ご参加ください（）",1.874367209e+18
不明,,抽選/予約等,リクイン・抽選/予約等,22:00,,2025-04-08 22:00:00,,"••━━
 VRChatキャバレー
Casa Di Luce 営業のお知らせ
━━••

4月15日(火) 22:00 OPEN

今月は事前抽選エントリー枠のご用意がございます。
応募要項はこのポストのツリーでご案内いたします。
当日リクイン枠もあります",1.909546773e+18
#VRCBunnyDomination,#VRCBunnyDomination #VRChat,,Join,21:00,,2025-04-16 21:00:00,,"【DJイベントのお知らせ】
BBL主催DJオンリーイベント Bunny Dominationを開催いたします！！

開催日時
4/26  21:00~

 キャストも数名いますので気になる方はぜひ気軽に足をお運びください！

#VRCBunnyDomination     #VRChat

出演者＆ジョイン先はリプ欄から",1.912430766e+18
#みるきぃむーん,#みるきぃむーん,,,21:45,,2025-04-09 21:45:00,,"【MiltySphereVol2】

▱▱▱▱▱▱▱▱▱▱▱▱
演者情報公開！！
▱▱▱▱▱▱▱▱▱▱▱▱

#みるきぃむーん のちょっと特別な夜の営業
今回も最高のDJイベントをお届けいたします予定を開けておいてくださいね
日時
4/22 21:45 開店",1.909803705e+18
#Kitsuzuri,#VRC #BOOTH #VRChat #Milfy #booth_pm #Kitsuzuri,,,23:59,,2025-04-15 23:59:00,,"RT+Followイベント！ 
 商品ページはこちら！
https://kitsuzuri.booth.pm/items/6690135
 抽選で3名様にフルパッケージをプレゼント！ 
たくさんのご支援とご関心をお待ちしております

 締切：2025年4月17日 23:59 JST

#Kitsuzuri #VRChat #BOOTH #booth_pm #VRC #Milfy",1.911978284e+18
#ぽてくろ,#ぽてくろ,抽選/予約等,抽選/予約等,17:00,,2024-10-30 17:00:00,,"#ぽてくろ

11/1 17時頃発売予定の「AdultGALHair」を抽選で3名様にプレゼント!

応募方法
①
@POTEKURO_info
 をフォロー
②このツイートをRPで完了！
（＋引用RPで当選確率）
 
※応募期限は発売開始まで   

公開後抽選を行い当選者さんにDMを送らせて頂きます",1.851459008e+18
#VRC群馬県民集会,#VRC群馬県民集会 #VRChat #群馬県民の日,Kento-Gensui,Group Join・Join,22:00,,2024-10-27 22:00:00,,"10/28は群馬県民の日！ということで！
今月もやります！群馬県民集会！
明日10/28 月曜日の22時からです！
皆様のお越しをお待ちしております！！
参加は下記のGroupまたはKento-Gensuiへjoinをお願いします！

#VRChat #VRC群馬県民集会 #群馬県民の日",1.85051379e+18
#VRC世界旅行,#VRC世界旅行,,,14:00,,2025-04-09 14:00:00,,"˗ˏˋ アメリカ横断編Part2開催告知！！ ˎˊ˗  

第25回 #VRC世界旅行
開催日 : ４/26(土)14:00^16:30 
予約開始 : ４/10(木)20:00 ➡︎ 〆切:４/17(木)24:00    

NYに辿り着くまでこの旅は終われない！ 

☆事前予約制(先着枠50名/抽選枠50名)☆ 
予約フォーム➡︎https://forms.gle/SjRZVLNsqBGbwvqT8…",1.909921078e+18
#VRC世界旅行,#VRC世界旅行,抽選/予約等,抽選/予約等,16:30,,2025-04-09 16:30:00,,"˗ˏˋ アメリカ横断編Part2開催告知！！ ˎˊ˗  

第25回 #VRC世界旅行
開催日 : ４/26(土)14:00^16:30 
予約開始 : ４/10(木)20:00 ➡︎ 〆切:４/17(木)24:00    

NYに辿り着くまでこの旅は終われない！ 

☆事前予約制(先着枠50名/抽選枠50名)☆ 
予約フォーム➡︎https://forms.gle/SjRZVLNsqBGbwvqT8…",1.909921078e+18
#VRC世界旅行,#VRC世界旅行,,,20:00,,2025-04-09 20:00:00,,"˗ˏˋ アメリカ横断編Part2開催告知！！ ˎˊ˗  

第25回 #VRC世界旅行
開催日 : ４/26(土)14:00^16:30 
予約開始 : ４/10(木)20:00 ➡︎ 〆切:４/17(木)24:00    

NYに辿り着くまでこの旅は終われない！ 

☆事前予約制(先着枠50名/抽選枠50名)☆ 
予約フォーム➡︎https://forms.gle/SjRZVLNsqBGbwvqT8…",1.909921078e+18
#スナック狐日和,#スナック狐日和,,,22:00,23:00,2025-04-08 22:00:00,2025-04-08 23:00:00,"お知らせ⋆͛⋆

この度特別営業用のワールドが完成しました
300人突破を記念に紫苑さんの生演奏をして頂けることになりました

日時は4月16日㈬22:00～23:00＋α
営業は21時からになります

group+での開催になるので是非お友達を連れて遊びに来て下さい
#スナック狐日和",1.909466422e+18
#スナック狐日和,#スナック狐日和,,Group Join,21:00,,2025-04-08 21:00:00,,"お知らせ⋆͛⋆

この度特別営業用のワールドが完成しました
300人突破を記念に紫苑さんの生演奏をして頂けることになりました

日時は4月16日㈬22:00～23:00＋α
営業は21時からになります

group+での開催になるので是非お友達を連れて遊びに来て下さい
#スナック狐日和",1.909466422e+18
#VRC群馬県民集会,#VRC群馬県民集会 #VRChat,Kento-Gensui,Group Join・Join,22:00,,2024-11-25 22:00:00,,"告知遅くなりごめんなさい！！！
今月もやります！群馬県民集会！
本日11/25 月曜日の22時からです！
皆様のお越しをお待ちしております！！
参加は下記のGroupまたはKento-Gensuiへjoinをお願いします！

#VRChat #VRC群馬県民集会",1.860847714e+18
#VRDance,#たまLab #VRChat #VRDance,,,02:00,,2025-03-27 02:00:00,,"REPORT：宇宙人ニック主催の「2on2 ダンスバトルイベント」が3/22開催!? VRChatダンス勢の知られざる世界をレポート

https://metacul-frontier.com/?p=22336

あのニック（
@InnateXenPhobia
）がダンスバトルイベントを主催
全20試合、2時間30分超えのイベントの模様をお伝えします

#VRChat #VRDance #たまLab",1.905167909e+18
#vrchat,#vrchat #癒しなで,,,22:15,,2025-01-20 22:15:00,,"『イベント告知』
 第３回癒しなで開催日のお知らせです。
開催日は1月25日（土）PM22：15～PM23：15
 キャスト2人による1:2の癒しイベントです。
参加方法などの詳細は画像をご覧ください 。
※次回からリクイン式に変更になります。
グループ検索用（NADE.9902)
 #癒しなで #vrchat",1.881175064e+18
#vrchat,#vrchat #癒しなで,,,23:15,,2025-01-20 23:15:00,,"『イベント告知』
 第３回癒しなで開催日のお知らせです。
開催日は1月25日（土）PM22：15～PM23：15
 キャスト2人による1:2の癒しイベントです。
参加方法などの詳細は画像をご覧ください 。
※次回からリクイン式に変更になります。
グループ検索用（NADE.9902)
 #癒しなで #vrchat",1.881175064e+18
#vrchat,#vrchat #癒しなで,,Group Join・リクイン,01:02,,2025-01-20 01:02:00,,"『イベント告知』
 第３回癒しなで開催日のお知らせです。
開催日は1月25日（土）PM22：15～PM23：15
 キャスト2人による1:2の癒しイベントです。
参加方法などの詳細は画像をご覧ください 。
※次回からリクイン式に変更になります。
グループ検索用（NADE.9902)
 #癒しなで #vrchat",1.881175064e+18
#写真撮る人撮られる人集会,#写真撮る人撮られる人集会 #VRChat記憶部,IL/インスタンス,Group Join・Join,21:00,,2025-04-14 21:00:00,,"【次回 定期会のお知らせ】
開催日時：2025年4月17日(木) 21:00～
参加条件：写真が好きな方なら誰でもOK
VRChatにて、「#VRChat記憶部」のグループへ入りインスタンスへJOINしてください
被写体やりたい方や、写真をこれから始める方も大歓迎！
(※ツリー詳細に続く)
#写真撮る人撮られる人集会",1.911782948e+18
不明,,IL/インスタンス,Group Join・Join,13:00,,2025-01-30 13:00:00,,"土曜VRC EN-JP Language Exchange は  2025年2月1日 土曜日 13:00~
参加方法 ˸ GroupインスタンスにJoin
トピック: あなたの好きなスポーツは何ですか？ そのスポーツに関する思い出を話してください。
Topic: What is your favorite sport? Share about your memories related to that sport.",1.884776002e+18
#まほろばのれん街,#まほろばのれん街 #VRChat,,Group Join・Join,22:00,23:30,2025-04-14 22:00:00,2025-04-14 23:30:00,"【4月18日(金)まほろばのれん街 通常営業】
営業時間：22:00-23:30
参加方法：Groupに参加後Joinしてください。
20分ごとに鳴るアナウンスを目安にまほろばのれん街内の飲み屋をハシゴしていただくイベント。1店舗あたり定員5名、途中入場・途中離脱はご自由にどうぞ
#まほろばのれん街 #VRChat
→続",1.911748361e+18
#VRC_Carino,#VRC_Carino,抽選/予約等,抽選/予約等,22:00,,2025-04-12 22:00:00,,"【受付開始】
4月22日(火)22:00開催のCarinoの事前応募受付開始です！
応募〆切は4月16日(水)23:59まで

※今回の営業はイベントの取材があるため、参加者の皆さんも一部動画に映る可能性がありますのでご了承ください。

ツリーのフォームより注意事項をご確認の上、申し込みください。
 #VRC_Carino",1.911014742e+18
#VRC_Carino,#VRC_Carino,,,23:59,,2025-04-12 23:59:00,,"【受付開始】
4月22日(火)22:00開催のCarinoの事前応募受付開始です！
応募〆切は4月16日(水)23:59まで

※今回の営業はイベントの取材があるため、参加者の皆さんも一部動画に映る可能性がありますのでご了承ください。

ツリーのフォームより注意事項をご確認の上、申し込みください。
 #VRC_Carino",1.911014742e+18
#癒しなで,#癒しなで,,Group Join,21:20,21:50,2025-01-18 21:20:00,2025-01-18 21:50:00,"【プチイベント告知】
#癒しなで
開催日：1/18（土）
日時：PM21：20～21：50
グループインスタンス（ワールド人数12人）

【第1インスタンス】
・チュロス
・あやり
・白川億人
・ぽんちょふ

【第２インスタンス】
・シュナ
・かにまよ
・にーや

𝓒𝓪𝓼𝓽一同、ご参加お待ちしております。",1.88041984e+18
#CatsUdon,#VRChat #TRPG #VRTRPG #CatsUdon,,Group Join・Join,20:50,,2025-02-19 20:50:00,,"#CatsUdon #VRTRPG #TRPG #VRChat
 
毎月19日は「特別カツドンの日」！ 

 事前準備不要、初心者向けのVRTRPG体験イベントです。 20:50にCatsUdon工房グループ+インスタンス（オーナー：冒険者でぃー）にJoin！  

本日は 
★新クトゥルフ神話TRPG
★ダンジョンズ＆ドラゴンズ第5版",1.892049431e+18
#アバター改変なんもわからん集会,#アバター改変なんもわからん集会,,Group Join・Join,22:00,,2025-03-03 22:00:00,,"第32回「アバター改変なんもわからん集会」 
日時：3月5日(水) 22:00開場
講師：bd_さん 
内容：透過がちょっとだけわかる話 
目標：マテリアルの設定を変えたことがある方で半透明で消えないレンダーキューの設定がわかる 
参加方法：VRCグループへjoin
#アバター改変なんもわからん集会",1.896399176e+18
#DS集会VRC,#DS集会VRC,,Group Join,21:00,,2025-04-14 21:00:00,,次回の #DS集会VRC は4月17日(木)21:00から開催です。 現職DSもデータサイエンスに興味ある初心者も大歓迎です！グループインスタンスで開催します。LTは22:00から、Kuretanさんによる「MCP入門AIとサーバーをつなぐ技術」です。http://vrc.group/DSG.9976,1.911615347e+18
MCP入門AIとサーバーをつなぐ技術,#DS集会VRC,,Group Join,22:00,,2025-04-14 22:00:00,,次回の #DS集会VRC は4月17日(木)21:00から開催です。 現職DSもデータサイエンスに興味ある初心者も大歓迎です！グループインスタンスで開催します。LTは22:00から、Kuretanさんによる「MCP入門AIとサーバーをつなぐ技術」です。http://vrc.group/DSG.9976,1.911615347e+18
#Nox_Atra_VRC,#Nox_Atra_VRC #VRChat,,リクイン,20:50,,2025-04-11 20:50:00,,"【NoxAtra 4月開催のお知らせ】
お世話になっております、いつもNoxAtraにご参加いただき誠にありがとうございます。

4月2回目の開催についてお知らせです
4月26日(土)20:50分からNoxAtra開催予定です。

リクイン先、ルールはツリーからご参照ください。
#Nox_Atra_VRC #VRChat",1.910662214e+18
#VRC世界旅行,#VRC世界旅行,,,21:00,23:00,2025-03-29 21:00:00,2025-03-29 23:00:00,"◆◇◆◇３周年のお祝い！#VRC世界旅行◆◇◆◇

今年の企画はなんと...先日２周年を迎えられたVSSさん(
@V_SkyService
 )とのコラボ企画！！

注目の開催日は...【４月９日２１時～２３時】
内容は続報にご期待ください

◇◆◇◆◇◆以下、詳細情報。",1.905912099e+18
#Vmotion,#Pモーション #Vmotion,,Group Join・Join,21:00,23:00,2025-04-16 21:00:00,2025-04-16 23:00:00,"pop'n music楽曲オンリーVRDJイベント
Pmotion2

4/23(水)21:00～23:00
Group＋
ライノホーン川井もしくは参加者、グループからjoin

カラフルな９つのボタンで楽しくなっちゃうパーティに出演します。
2回DJするのですが、片方はリエちゃんトリビュートな感じになるかも？

#Pモーション #Vmotion",1.912349801e+18
#エルフ酒場,#エルフ酒場,フレンド申請,フレンド申請・リクイン,22:30,,2025-04-05 22:30:00,,"【 #エルフ酒場 Alben】 

22:30〜
本日はオープン日です
ご参加される予定の方はツリーからキャストさん達の配置をご確認くださいませ

【参加方法】
下記ツリーからインスタンスリーダーを確認後、フレンド申請を送り時間になり次第Reqinをお願いします。",1.908354372e+18
不明,#GEMBOX_VRC,IL/インスタンス,Group Join・Join,14:50,,2025-04-14 14:50:00,,"【#GEMBOX_VRC 開催告知】

ステージイベント
「Club AsteRhythm」開催日時のお知らせです

4月20日 日曜日 15時〜17時
入場時間 14時50分〜

参加方法
GEMBOXのグループに参加後、入場開始時間になったら
group インスタンスにjoin",1.9117513e+18
#癒しなで,#癒しなで,,,21:20,,2025-01-16 21:20:00,,"#癒しなで 
プチイベントのお知らせです。
本営業をは別にバイノーラルのワールドで３０分ほどのイベントを開きます。
開催日：1/18（土）PM21：20～PM21：50
グループインスタンスで開きますので、グループ登録(NADE.9902)をお願いいたします。
ご参加お待ちしております。",1.879992055e+18
#癒しなで,#癒しなで,,Group Join,21:50,,2025-01-16 21:50:00,,"#癒しなで 
プチイベントのお知らせです。
本営業をは別にバイノーラルのワールドで３０分ほどのイベントを開きます。
開催日：1/18（土）PM21：20～PM21：50
グループインスタンスで開きますので、グループ登録(NADE.9902)をお願いいたします。
ご参加お待ちしております。",1.879992055e+18
#アバター改変なんもわからん集会,#アバター改変なんもわからん集会,IL/インスタンス,Group Join・Join・抽選/予約等,22:00,,2025-04-01 22:00:00,,"～本日集会です～～
 改変なんでも質問会です！！
22時からグループインスタンスにJOINください！
お待ちしておりますm(_ _)m
（事前告知なしで当日になってしまいました）
#アバター改変なんもわからん集会",1.90721019e+18
不明,,フレンド申請,Join・フレンド申請,21:00,22:00,2025-03-26 21:00:00,2025-03-26 22:00:00,"【お知らせ】
本日、21時より、幻会興業より提供しております、カメラギミック「OPCMS」の説明会を実施します！
VRCの配信をする方、配信のお手伝いをする方、動画作成を行う方向けのギミックです。

日時：3/27(木)21:00～22:00
方法：「kamelra」にフレンド申請してJOIN

以下もご確認ください↓",1.905034069e+18
#ぷちしぇあ,#ぷちしぇあ,,Join,22:00,,2025-04-14 22:00:00,,"【イベント告知】 

『第61回無言おチビちゃんずカフェ〜ぷちしぇあ〜』

04月16日（水）22:00〜 開催します

今回は第4インスタンス開催です
参加方法は各インスタンスの代表店員にJOINしてください。

各インスタンスのおチビちゃんなど以下に続きます
#ぷちしぇあ",1.911792783e+18
